,铜
2016-01-04,3009.2682
2016-01-05,3052.7126
2016-01-06,3029.9801
2016-01-07,3017.4388
2016-01-08,2983.1592
2016-01-11,2907.0752
2016-01-12,2895.37
2016-01-13,2910.4196
2016-01-14,2920.4526
2016-01-15,2909.5835
2016-01-18,2925.4692
2016-01-19,2956.4044
2016-01-20,2932.994
2016-01-21,2913.7639
2016-01-22,2942.1909
2016-01-25,2927.9774
2016-01-26,2934.6661
2016-01-27,2991.5201
2016-01-28,2976.4705
2016-01-29,2983.1592
2016-02-01,2963.9292
2016-02-02,2980.3072
2016-02-03,2982.4757
2016-02-04,3039.7117
2016-02-05,3040.7126
2016-02-15,2977.4165
2016-02-16,2977.4165
2016-02-17,2954.9297
2016-02-18,2973.2523
2016-02-19,2991.5748
2016-02-22,3027.3871
2016-02-23,3014.8945
2016-02-24,2982.4135
2016-02-25,2991.5748
2016-02-26,2984.9121
2016-02-29,2984.9121
2016-03-01,2994.9062
2016-03-02,3067.6752
2016-03-03,3070.6681
2016-03-04,3149.6465
2016-03-07,3161.7757
2016-03-08,3133.553
2016-03-09,3097.8595
2016-03-10,3096.1994
2016-03-11,3130.2327
2016-03-14,3133.553
2016-03-15,3092.049
2016-03-16,3057.1856
2016-03-17,3057.1856
2016-03-18,3057.1856
2016-03-21,3057.1856
2016-03-22,3057.1856
2016-03-23,3173.7427
2016-03-24,3164.1127
2016-03-25,3112.0931
2016-03-28,3112.0931
2016-03-29,3112.0931
2016-03-30,3112.0931
2016-03-31,3112.0931
2016-04-01,3055.1192
2016-04-05,3030.348
2016-04-06,3031.1737
2016-04-07,3031.1737
2016-04-08,2961.8143
2016-04-11,2965.9428
2016-04-12,2965.9428
2016-04-13,2965.9428
2016-04-14,2965.9428
2016-04-15,3054.2935
2016-04-18,3022.9166
2016-04-19,3050.165
2016-04-20,3084.8447
2016-04-21,3145.9471
2016-04-22,3135.2129
2016-04-25,3147.5985
2016-04-26,3112.9188
2016-04-27,3107.1388
2016-04-28,3076.2574
2016-04-29,3107.1337
2016-05-03,3126.4472
2016-05-04,3071.1702
2016-05-05,3038.9984
2016-05-06,3020.8502
2016-05-09,2956.5066
2016-05-10,2965.5807
2016-05-11,2966.4056
2016-05-12,2989.5033
2016-05-13,2926.8095
2016-05-16,2937.5334
2016-05-17,2961.4561
2016-05-18,2918.5603
2016-05-19,2903.7118
2016-05-20,2913.6108
2016-05-23,2901.2371
2016-05-24,2902.8869
2016-05-25,2927.6344
2016-05-26,2974.6548
2016-05-27,2962.281
2016-05-30,2944.9577
2016-05-31,2950.8969
2016-06-01,2929.1165
2016-06-02,2912.2827
2016-06-03,2924.1673
2016-06-06,2978.6549
2016-06-07,2975.3526
2016-06-08,2911.7838
2016-06-13,2912.6094
2016-06-14,2915.9116
2016-06-15,2903.5281
2016-06-16,2946.4577
2016-06-17,2916.7372
2016-06-20,2928.2952
2016-06-21,2945.6321
2016-06-22,2962.9691
2016-06-23,2988.5618
2016-06-24,2969.5737
2016-06-27,3031.4914
2016-06-28,3070.2931
2016-06-29,3066.9909
2016-06-30,3095.2157
2016-07-01,3076.2378
2016-07-04,3166.1614
2016-07-05,3115.1982
2016-07-06,3081.4001
2016-07-07,3042.6559
2016-07-08,3018.7499
2016-07-11,3051.7237
2016-07-12,3064.9132
2016-07-13,3180.3215
2016-07-14,3185.2675
2016-07-15,3173.7267
2016-07-18,3120.1443
2016-07-19,3195.1597
2016-07-20,3155.5911
2016-07-21,3186.0919
2016-07-22,3147.3477
2016-07-25,3145.699
2016-07-26,3116.8469
2016-07-27,3111.0765
2016-07-28,3117.6713
2016-07-29,3088.8192
2016-08-01,3146.5233
2016-08-02,3127.0811
2016-08-03,3109.1291
2016-08-04,3095.4633
2016-08-05,3095.1337
2016-08-08,3088.5518
2016-08-09,3062.2243
2016-08-10,3082.7927
2016-08-11,3087.7291
2016-08-12,3090.1973
2016-08-15,3049.8832
2016-08-16,3062.2243
2016-08-17,3062.2243
2016-08-18,3074.5653
2016-08-19,3076.2108
2016-08-22,3055.6424
2016-08-23,3053.9969
2016-08-24,3015.3283
2016-08-25,2992.2917
2016-08-26,2997.2281
2016-08-29,2996.4054
2016-08-30,2983.2416
2016-08-31,2984.0643
2016-09-01,3005.4555
2016-09-02,3014.5041
2016-09-05,3002.3319
2016-09-06,3006.9374
2016-09-07,3021.7394
2016-09-08,3006.939
2016-09-09,3011.0502
2016-09-12,2974.0493
2016-09-13,3009.4058
2016-09-14,3020.0949
2016-09-19,3061.207
2016-09-20,3065.3182
2016-09-21,3066.9627
2016-09-22,3095.7412
2016-09-23,3113.0082
2016-09-26,3104.7858
2016-09-27,3098.2079
2016-09-28,3083.4075
2016-09-29,3096.5634
2016-09-30,3101.4971
2016-10-10,3097.0565
2016-10-11,3137.6843
2016-10-12,3120.5799
2016-10-13,3094.2667
2016-10-14,3072.8872
2016-10-17,3068.7758
2016-10-18,3075.3541
2016-10-19,3058.0861
2016-10-20,3067.9535
2016-10-21,3057.2638
2016-10-24,3071.2427
2016-10-25,3125.5136
2016-10-26,3104.9564
2016-10-27,3109.8902
2016-10-28,3146.8931
2016-10-31,3156.7605
2016-11-01,3183.896
2016-11-02,3171.3986
2016-11-03,3204.6138
2016-11-04,3215.465
2016-11-07,3317.8744
2016-11-08,3323.626
2016-11-09,3418.1172
2016-11-10,3607.9213
2016-11-11,3837.1652
2016-11-14,3740.209
2016-11-15,3588.2014
2016-11-16,3662.9727
2016-11-17,3588.2014
2016-11-18,3632.5712
2016-11-21,3707.3425
2016-11-22,3796.9038
2016-11-23,3759.9289
2016-11-24,3961.2363
2016-11-25,3952.198
2016-11-28,4057.3709
2016-11-29,3829.7703
2016-11-30,3777.7088
2016-12-01,3855.5142
2016-12-02,3820.572
2016-12-05,3879.4311
2016-12-06,3906.4626
2016-12-07,3960.5257
2016-12-08,3867.1441
2016-12-09,3881.8885
2016-12-12,3868.7824
2016-12-13,3843.3891
2016-12-14,3808.1663
2016-12-15,3832.7404
2016-12-16,3805.7088
2016-12-19,3737.7205
2016-12-20,3677.1044
2016-12-21,3713.1464
2016-12-22,3639.4241
2016-12-23,3691.8488
2016-12-26,3609.9352
2016-12-27,3653.3494
2016-12-28,3730.3483
2016-12-29,3741.8162
2016-12-30,3715.782
2017-01-03,3736.5629
2017-01-04,3716.6121
2017-01-05,3736.2214
2017-01-06,3702.7456
2017-01-09,3733.7719
2017-01-10,3764.7983
2017-01-11,3850.5289
2017-01-12,3835.8322
2017-01-13,3870.1244
2017-01-16,3915.0309
2017-01-17,3819.5025
2017-01-18,3804.8059
2017-01-19,3815.4201
2017-01-20,3762.3488
2017-01-23,3825.2179
2017-01-24,3843.1805
2017-01-25,3890.5365
2017-01-26,3922.3793
2017-02-03,3819.5025
2017-02-06,3805.4634
2017-02-07,3826.182
2017-02-08,3892.7041
2017-02-09,3874.2903
2017-02-10,3893.0145
2017-02-13,4080.2569
2017-02-14,4079.4428
2017-02-15,3967.9115
2017-02-16,3963.0269
2017-02-17,3936.9758
2017-02-20,3970.3538
2017-02-21,3982.5652
2017-02-22,3961.3987
2017-02-23,3939.4181
2017-02-24,3888.1299
2017-02-27,3885.6876
2017-02-28,3886.5017
2017-03-01,3960.5846
2017-03-02,3964.3252
2017-03-03,3930.6762
2017-03-06,3899.9762
2017-03-07,3885.5342
2017-03-08,3834.4621
2017-03-09,3775.2833
2017-03-10,3781.7687
2017-03-13,3855.5395
2017-03-14,3839.3261
2017-03-15,3864.4568
2017-03-16,3904.1796
2017-03-17,3870.1315
2017-03-20,3889.5876
2017-03-21,3833.6514
2017-03-22,3782.5793
2017-03-23,3819.8701
2017-03-24,3818.2487
2017-03-27,3750.1526
2017-03-28,3789.0647
2017-03-29,3853.1075
2017-03-30,3847.4328
2017-03-31,3870.9422
2017-04-05,3844.1901
2017-04-06,3875.6208
2017-04-07,3820.8992
2017-04-10,3812.0054
2017-04-11,3771.4243
2017-04-12,3735.8677
2017-04-13,3756.0703
2017-04-14,3726.1704
2017-04-17,3756.0703
2017-04-18,3705.1597
2017-04-19,3704.3516
2017-04-20,3681.7246
2017-04-21,3719.7056
2017-04-24,3710.0083
2017-04-25,3719.7056
2017-04-26,3735.8677
2017-04-27,3740.7163
2017-04-28,3743.9487
2017-05-02,3781.1215
2017-05-03,3763.9943
2017-05-04,3650.9129
2017-05-05,3633.309
2017-05-08,3608.9232
2017-05-09,3611.3453
2017-05-10,3621.8411
2017-05-11,3654.9431
2017-05-12,3627.4926
2017-05-15,3667.8609
2017-05-16,3646.8694
2017-05-17,3664.6314
2017-05-18,3629.9147
2017-05-19,3657.3652
2017-05-22,3697.7334
2017-05-23,3695.3113
2017-05-24,3696.1187
2017-05-25,3711.4586
2017-05-26,3713.8807
2017-05-31,3651.7136
2017-06-01,3660.5946
2017-06-02,3660.433
2017-06-05,3652.846
2017-06-06,3623.7937
2017-06-07,3620.7277
2017-06-08,3651.3845
2017-06-09,3705.4373
2017-06-12,3740.9346
2017-06-13,3697.3697
2017-06-14,3707.8575
2017-06-15,3678.8143
2017-06-16,3669.9399
2017-06-19,3685.2683
2017-06-20,3698.1764
2017-06-21,3672.3602
2017-06-22,3695.7562
2017-06-23,3766.7508
2017-06-26,3777.2387
2017-06-27,3769.1711
2017-06-28,3785.3062
2017-06-29,3826.4509
2017-06-30,3828.8712
2017-07-03,3832.0982
2017-07-04,3785.4869
2017-07-05,3794.8375
2017-07-06,3780.6576
2017-07-07,3793.8652
2017-07-10,3764.886
2017-07-11,3787.4254
2017-07-12,3803.525
2017-07-13,3815.5996
2017-07-14,3796.2801
2017-07-17,3848.6038
2017-07-18,3838.944
2017-07-19,3860.6785
2017-07-20,3846.9938
2017-07-21,3863.8984
2017-07-24,3844.5789
2017-07-25,3908.9772
2017-07-26,4028.919
2017-07-27,4028.114
2017-07-28,4020.0643
2017-07-31,4082.0476
2017-08-01,4039.3838
2017-08-02,4026.9958
2017-08-03,4010.7535
2017-08-04,4045.7856
2017-08-07,4047.2305
2017-08-08,4048.0329
2017-08-09,4117.038
2017-08-10,4075.314
2017-08-11,4009.5184
2017-08-14,4016.7399
2017-08-15,4038.4043
2017-08-16,4025.5661
2017-08-17,4129.8762
2017-08-18,4096.9784
2017-08-21,4144.3191
2017-08-22,4187.6479
2017-08-23,4137.0977
2017-08-24,4163.5764
2017-08-25,4234.1863
2017-08-28,4246.222
2017-08-29,4226.1624
2017-08-30,4228.5696
2017-08-31,4238.1982
2017-09-01,4236.5934
2017-09-04,4264.8275
2017-09-05,4302.6719
2017-09-06,4266.6079
2017-09-07,4227.5195
2017-09-08,4143.4335
2017-09-11,4126.6164
2017-09-12,4140.2303
2017-09-13,4084.173
2017-09-14,4034.5223
2017-09-15,4034.5223
2017-09-18,4060.1485
2017-09-19,4062.5509
2017-09-20,4068.9575
2017-09-21,4016.9043
2017-09-22,3974.4609
2017-09-25,4024.9124
2017-09-26,4055.3435
2017-09-27,4047.3354
2017-09-28,4053.7419
2017-09-29,4151.4417
2017-10-09,4173.0638
2017-10-10,4155.4474
2017-10-11,4201.0958
2017-10-12,4265.3304
2017-10-13,4281.8359
2017-10-16,4416.5201
2017-10-17,4418.9251
2017-10-18,4400.4862
2017-10-19,4378.8406
2017-10-20,4417.3218
2017-10-23,4360.4016
2017-10-24,4447.7861
2017-10-25,4376.4355
2017-10-26,4391.6676
2017-10-27,4328.334
2017-10-30,4294.6629
2017-10-31,4314.7052
2017-11-01,4366.0135
2017-11-02,4333.1429
2017-11-03,4356.8751
2017-11-06,4378.9966
2017-11-07,4373.2274
2017-11-08,4278.7144
2017-11-09,4263.4962
2017-11-10,4291.5297
2017-11-13,4297.1364
2017-11-14,4327.5728
2017-11-15,4233.0598
2017-11-16,4229.856
2017-11-17,4237.8656
2017-11-20,4241.0694
2017-11-21,4279.5154
2017-11-22,4333.9805
2017-11-23,4313.1556
2017-11-24,4352.4025
2017-11-27,4306.7479
2017-11-28,4277.9135
2017-11-29,4257.0886
2017-11-30,4232.2589
2017-12-01,4237.0646
2017-12-04,4289.9172
2017-12-05,4208.1082
2017-12-06,4117.0172
2017-12-07,4098.4502
2017-12-08,4137.6659
2017-12-11,4107.2537
2017-12-12,4167.2779
2017-12-13,4189.6869
2017-12-14,4184.885
2017-12-15,4235.3053
2017-12-18,4286.5259
2017-12-19,4272.9204
2017-12-20,4296.1297
2017-12-21,4340.1475
2017-12-22,4361.7562
2017-12-25,4377.7626
2017-12-26,4420.98
2017-12-27,4398.571
2017-12-28,4463.3971
2017-12-29,4439.3874
2018-01-02,4422.2665
2018-01-03,4389.6438
2018-01-04,4416.9774
2018-01-05,4392.053
2018-01-08,4366.5039
2018-01-09,4392.053
2018-01-10,4375.2864
2018-01-11,4400.0371
2018-01-12,4375.2864
2018-01-15,4390.4562
2018-01-16,4335.3659
2018-01-17,4277.8804
2018-01-18,4285.0661
2018-01-19,4288.2597
2018-01-22,4303.4295
2018-01-23,4289.0581
2018-01-24,4210.0156
2018-01-25,4298.6391
2018-01-26,4265.9043
2018-01-29,4279.4772
2018-01-30,4229.1774
2018-01-31,4249.1376
2018-02-01,4229.9758
2018-02-02,4272.9048
2018-02-05,4235.2625
2018-02-06,4212.6279
2018-02-07,4209.4422
2018-02-08,4148.1589
2018-02-09,4103.5893
2018-02-12,4115.5276
2018-02-13,4149.7507
2018-02-14,4201.4833
2018-02-22,4198.2998
2018-02-23,4265.1542
2018-02-26,4265.9501
2018-02-27,4247.6447
2018-02-28,4185.5656
2018-03-01,4161.689
2018-03-02,4164.7095
2018-03-05,4133.7212
2018-03-06,4172.4741
2018-03-07,4160.7276
2018-03-08,4124.2578
2018-03-09,4058.4537
2018-03-12,4119.5009
2018-03-13,4102.0588
2018-03-14,4148.8353
2018-03-15,4132.1861
2018-03-16,4132.1861
2018-03-19,4076.6886
2018-03-20,4078.2742
2018-03-21,4010.0915
2018-03-22,4062.4178
2018-03-23,3972.8289
2018-03-26,3884.8257
2018-03-27,3933.9807
2018-03-28,3905.4391
2018-03-29,3954.594
2018-03-30,3978.3787
2018-04-02,3995.0279
2018-04-03,3993.4433
2018-04-04,3985.6847
2018-04-09,4011.8001
2018-04-10,4043.7513
2018-04-11,4038.2195
2018-04-12,4000.2871
2018-04-13,3992.3845
2018-04-16,3990.0137
2018-04-17,4016.0923
2018-04-18,4043.7513
2018-04-19,4104.6012
2018-04-20,4061.9272
2018-04-23,4098.2791
2018-04-24,4072.2006
2018-04-25,4073.7811
2018-04-26,4076.9421
2018-04-27,4074.5714
2018-05-02,4045.3318
2018-05-03,4034.7511
2018-05-04,4053.5316
2018-05-07,4042.4917
2018-05-08,4044.6976
2018-05-09,4005.3293
2018-05-10,4021.0766
2018-05-11,4050.2091
2018-05-14,4059.6575
2018-05-15,4032.0997
2018-05-16,4017.1398
2018-05-17,4019.5019
2018-05-18,4038.3986
2018-05-21,4044.6976
2018-05-22,4050.2091
2018-05-23,4076.1922
2018-05-24,4049.4218
2018-05-25,4054.146
2018-05-28,4063.5943
2018-05-29,4071.468
2018-05-30,3998.243
2018-05-31,4045.4849
2018-06-01,4053.3586
2018-06-04,4076.0201
2018-06-05,4123.031
2018-06-06,4179.7435
2018-06-07,4245.648
2018-06-08,4215.8594
2018-06-11,4245.648
2018-06-12,4230.7537
2018-06-13,4196.2617
2018-06-14,4204.1008
2018-06-15,4206.4525
2018-06-19,4051.2387
2018-06-20,4074.7559
2018-06-21,4059.0778
2018-06-22,4066.1329
2018-06-25,4051.2387
2018-06-26,4047.3191
2018-06-27,4035.5605
2018-06-28,4048.103
2018-06-29,4049.6709
2018-07-02,4014.395
2018-07-03,4031.472
2018-07-04,3926.1122
2018-07-05,3863.9961
2018-07-06,3843.1947
2018-07-09,3908.0818
2018-07-10,3890.101
2018-07-11,3761.8903
2018-07-12,3830.6863
2018-07-13,3808.7967
2018-07-16,3808.7967
2018-07-17,3815.8326
2018-07-18,3772.8351
2018-07-19,3804.8878
2018-07-20,3798.6336
2018-07-23,3832.2499
2018-07-24,3854.9213
2018-07-25,3901.8276
2018-07-26,3919.8084
2018-07-27,3915.8995
2018-07-30,3858.8301
2018-07-31,3895.5734
2018-08-01,3894.7917
2018-08-02,3856.3504
2018-08-03,3848.07
2018-08-06,3853.068
2018-08-07,3867.1201
2018-08-08,3865.5592
2018-08-09,3898.338
2018-08-10,3871.0223
2018-08-13,3881.1681
2018-08-14,3864.7787
2018-08-15,3789.0753
2018-08-16,3713.3718
2018-08-17,3722.7372
2018-08-20,3765.6618
2018-08-21,3800.782
2018-08-22,3768.7836
2018-08-23,3745.3702
2018-08-24,3785.9535
2018-08-27,3807.806
2018-08-28,3796.8798
2018-08-29,3810.9278
2018-08-30,3808.5865
2018-08-31,3791.4166
2018-09-03,3759.4182
2018-09-04,3727.729
2018-09-05,3706.6463
2018-09-06,3711.9595
2018-09-07,3718.2097
2018-09-10,3710.3918
2018-09-11,3745.5725
2018-09-12,3731.5002
2018-09-13,3801.0798
2018-09-14,3785.444
2018-09-17,3747.1361
2018-09-18,3805.7706
2018-09-19,3880.8228
2018-09-20,3857.369
2018-09-21,3888.6407
2018-09-25,3937.1119
2018-09-26,3950.4024
2018-09-27,3919.1307
2018-09-28,3922.2578
2018-10-08,3909.7491
2018-10-09,3948.709
2018-10-10,3970.7816
2018-10-11,3906.1083
2018-10-12,3970.3485
2018-10-15,3956.2387
2018-10-16,3924.0996
2018-10-17,3931.9384
2018-10-18,3917.8286
2018-10-19,3931.9384
2018-10-22,3959.3742
2018-10-23,3924.0996
2018-10-24,3945.2643
2018-10-25,3900.5832
2018-10-26,3899.7993
2018-10-29,3901.3671
2018-10-30,3895.88
2018-10-31,3845.7117
2018-11-01,3819.8437
2018-11-02,3910.7961
2018-11-05,3907.9718
2018-11-06,3898.7146
2018-11-07,3883.6461
2018-11-08,3875.7956
2018-11-09,3860.8796
2018-11-12,3840.4683
2018-11-13,3854.5992
2018-11-14,3832.6178
2018-11-15,3887.5713
2018-11-16,3892.2816
2018-11-19,3907.9826
2018-11-20,3892.2816
2018-11-21,3878.9358
2018-11-22,3891.4966
2018-11-23,3878.1507
2018-11-26,3870.3002
2018-11-27,3837.3281
2018-11-28,3868.7301
2018-11-29,3890.7115
2018-11-30,3903.2723
2018-12-03,3944.88
2018-12-04,3898.0968
2018-12-05,3875.647
2018-12-06,3847.2267
2018-12-07,3862.9322
2018-12-10,3843.2955
2018-12-11,3855.863
2018-12-12,3855.0775
2018-12-13,3875.4997
2018-12-14,3840.1536
2018-12-17,3866.8596
2018-12-18,3843.2955
2018-12-19,3777.3162
2018-12-20,3787.5273
2018-12-21,3802.4512
2018-12-24,3778.1017
2018-12-25,3771.0324
2018-12-26,3773.3888
2018-12-27,3792.2401
2018-12-28,3796.9529
2019-01-02,3745.112
2019-01-03,3718.2428
2019-01-04,3705.8281
2019-01-07,3727.9899
2019-01-08,3720.7593
2019-01-09,3747.4821
2019-01-10,3734.1207
2019-01-11,3719.1874
2019-01-14,3685.3909
2019-01-15,3694.0365
2019-01-16,3723.9032
2019-01-17,3723.9032
2019-01-18,3761.6295
2019-01-21,3756.9137
2019-01-22,3735.6927
2019-01-23,3736.4786
2019-01-24,3719.1874
2019-01-25,3723.9032
2019-01-28,3736.4786
2019-01-29,3739.6225
2019-01-30,3749.0541
2019-01-31,3779.7067
2019-02-01,3793.8541
2019-02-11,3787.7258
2019-02-12,3782.6983
2019-02-13,3783.9534
2019-02-14,3800.5804
2019-02-15,3777.8506
2019-02-18,3858.5806
2019-02-19,3868.7698
2019-02-20,3896.2023
2019-02-21,3893.0672
2019-02-22,3912.6619
2019-02-25,3959.689
2019-02-26,3933.8241
2019-02-27,3925.2024
2019-02-28,3931.4727
2019-03-01,3958.1215
2019-03-04,3918.7737
2019-03-05,3898.851
2019-03-06,3892.8745
2019-03-07,3875.8975
2019-03-08,3862.5079
2019-03-11,3874.3223
2019-03-12,3894.8005
2019-03-13,3886.1366
2019-03-14,3868.0213
2019-03-15,3884.5614
2019-03-18,3886.9242
2019-03-19,3885.349
2019-03-20,3874.3223
2019-03-21,3892.4376
2019-03-22,3854.6317
2019-03-25,3790.0465
2019-03-26,3798.7104
2019-03-27,3811.3123
2019-03-28,3808.9495
2019-03-29,3843.6049
2019-04-01,3895.5881
2019-04-02,3881.1014
2019-04-03,3898.1001
2019-04-04,3900.7733
2019-04-08,3875.9317
2019-04-09,3920.7356
2019-04-10,3896.3685
2019-04-11,3872.7875
2019-04-12,3873.5736
2019-04-15,3883.006
2019-04-16,3889.2942
2019-04-17,3891.6523
2019-04-18,3890.8663
2019-04-19,3893.2244
2019-04-22,3871.2155
2019-04-23,3864.1412
2019-04-24,3848.4205
2019-04-25,3865.7132
2019-04-26,3849.2065
2019-04-29,3839.7741
2019-04-30,3846.0624
2019-05-06,3773.7473
2019-05-07,3795.9154
2019-05-08,3760.8539
2019-05-09,3739.1567
2019-05-10,3754.4084
2019-05-13,3746.5474
2019-05-14,3733.1837
2019-05-15,3752.0501
2019-05-16,3756.7667
2019-05-17,3744.1891
2019-05-20,3743.403
2019-05-21,3749.6918
2019-05-22,3707.2424
2019-05-23,3669.5097
2019-05-24,3708.0285
2019-05-27,3716.6756
2019-05-28,3704.8841
2019-05-29,3679.729
2019-05-30,3659.2904
2019-05-31,3630.2047
2019-06-03,3626.2742
2019-06-04,3636.492
2019-06-05,3655.6687
2019-06-06,3615.5978
2019-06-10,3634.4544
2019-06-11,3684.7366
2019-06-12,3651.7389
2019-06-13,3635.2401
2019-06-14,3640.7397
2019-06-17,3625.8122
2019-06-18,3639.954
2019-06-19,3680.0226
2019-06-20,3687.0935
2019-06-21,3680.8083
2019-06-24,3672.9517
2019-06-25,3699.6641
2019-06-26,3709.092
2019-06-27,3699.6641
2019-06-28,3693.3788
2019-07-01,3720.8768
2019-07-02,3661.8079
2019-07-03,3633.5351
2019-07-04,3642.3292
2019-07-05,3635.5784
2019-07-08,3641.0726
2019-07-09,3625.3749
2019-07-10,3616.7412
2019-07-11,3656.7702
2019-07-12,3663.0493
2019-07-15,3681.8865
2019-07-16,3681.8865
2019-07-17,3677.9621
2019-07-18,3671.683
2019-07-19,3765.0841
2019-07-22,3721.1306
2019-07-23,3712.4969
2019-07-24,3696.0144
2019-07-25,3690.5202
2019-07-26,3692.8748
2019-07-29,3681.1016
2019-07-30,3707.7876
2019-07-31,3666.9737
2019-08-01,3659.1249
2019-08-02,3645
2019-08-05,3615.5009
2019-08-06,3621.6192
2019-08-07,3603.7394
2019-08-08,3646.8651
2019-08-09,3660.1949
2019-08-12,3665.6836
2019-08-13,3650.7857
2019-08-14,3652.3539
2019-08-15,3641.3764
2019-08-16,3650.0015
2019-08-19,3654.7062
2019-08-20,3655.4903
2019-08-21,3640.5923
2019-08-22,3631.1831
2019-08-23,3638.24
2019-08-26,3608.4441
2019-08-27,3636.6718
2019-08-28,3650.7857
2019-08-29,3650.0015
2019-08-30,3660.979
2019-09-02,3657.0585
2019-09-03,3635.5789
2019-09-04,3654.5479
2019-09-05,3682.4512
2019-09-06,3718.5029
2019-09-09,3716.1519
2019-09-10,3716.9356
2019-09-11,3705.9643
2019-09-12,3721.6376
2019-09-16,3727.1233
2019-09-17,3709.8826
2019-09-18,3707.5316
2019-09-19,3688.7236
2019-09-20,3693.4256
2019-09-23,3673.0502
2019-09-24,3692.6419
2019-09-25,3683.2379
2019-09-26,3692.6419
2019-09-27,3676.9686
2019-09-30,3702.8296
2019-10-08,3665.2136
2019-10-09,3651.7375
2019-10-10,3657.8482
2019-10-11,3673.3581
2019-10-14,3678.0573
2019-10-15,3677.2742
2019-10-16,3660.8298
2019-10-17,3652.9992
2019-10-18,3646.7347
2019-10-21,3681.9726
2019-10-22,3689.8032
2019-10-23,3674.925
2019-10-24,3708.5968
2019-10-25,3710.946
2019-10-28,3714.0783
2019-10-29,3707.0307
2019-10-30,3720.3428
2019-10-31,3706.2476
2019-11-01,3689.8032
2019-11-04,3684.0097
2019-11-05,3700.4422
2019-11-06,3696.2181
2019-11-07,3692.4657
2019-11-08,3699.499
2019-11-11,3686.214
2019-11-12,3694.0287
2019-11-13,3675.2733
2019-11-14,3675.2733
2019-11-15,3667.4586
2019-11-18,3671.3659
2019-11-19,3664.3327
2019-11-20,3676.8363
2019-11-21,3681.5251
2019-11-22,3662.7697
2019-11-25,3680.7436
2019-11-26,3678.3992
2019-11-27,3702.6249
2019-11-28,3700.2805
2019-11-29,3697.9361
2019-12-02,3696.3731
2019-12-03,3678.7192
2019-12-04,3671.5337
2019-12-05,3689.1775
2019-12-06,3697.9184
2019-12-09,3779.0542
2019-12-10,3798.558
2019-12-11,3822.7427
2019-12-12,3825.0831
2019-12-13,3823.5228
2019-12-16,3830.5442
2019-12-17,3843.0266
2019-12-18,3828.2037
2019-12-19,3831.3243
2019-12-20,3825.0831
2019-12-23,3826.6434
2019-12-24,3868.7716
2019-12-25,3869.5518
2019-12-26,3873.4525
2019-12-27,3879.6937
2019-12-30,3862.5304
2019-12-31,3834.445
2020-01-02,3840.6862
2020-01-03,3805.5964
2020-01-06,3795.1531
2020-01-07,3813.6929
2020-01-08,3802.1701
2020-01-09,3809.9518
2020-01-10,3813.8427
2020-01-13,3808.3955
2020-01-14,3837.188
2020-01-15,3833.2971
2020-01-16,3828.6281
2020-01-17,3832.519
2020-01-20,3820.8463
2020-01-21,3767.9303
2020-01-22,3777.2684
2020-01-23,3736.8033
2020-02-03,3504.9067
2020-02-04,3521.8615
2020-02-05,3545.0246
2020-02-06,3582.1587
2020-02-07,3556.2251
2020-02-10,3535.2742
2020-02-11,3547.6895
2020-02-12,3546.9136
2020-02-13,3560.8809
2020-02-14,3578.7279
2020-02-17,3607.4385
2020-02-18,3590.3673
2020-02-19,3600.4548
2020-02-20,3602.7827
2020-02-21,3568.6405
2020-02-24,3569.4164
2020-02-25,3565.5366
2020-02-26,3540.7059
2020-02-27,3525.9626
2020-02-28,3444.4868
2020-03-02,3509.6675
2020-03-03,3539.6018
2020-03-04,3513.8684
2020-03-05,3516.9668
2020-03-06,3482.5971
2020-03-09,3395.9384
2020-03-10,3459.3849
2020-03-11,3426.8879
2020-03-12,3361.8939
2020-03-13,3377.3687
2020-03-16,3298.4473
2020-03-17,3298.4473
2020-03-18,3091.8591
2020-03-19,2906.9356
2020-03-20,3010.6166
2020-03-23,2878.3073
2020-03-24,2955.6812
2020-03-25,3045.4348
2020-03-26,3007.5216
2020-03-27,3031.5075
2020-03-30,2995.9156
2020-03-31,3029.1863
2020-04-01,3017.5802
2020-04-02,3067.8836
2020-04-03,3088.3178
2020-04-07,3140.6653
2020-04-08,3156.3126
2020-04-09,3155.5377
2020-04-10,3233.0312
2020-04-13,3237.6808
2020-04-14,3235.356
2020-04-15,3220.6323
2020-04-16,3220.6323
2020-04-17,3276.4276
2020-04-20,3280.3023
2020-04-21,3211.333
2020-04-22,3184.2103
2020-04-23,3250.8547
2020-04-24,3237.6808
2020-04-27,3292.7013
2020-04-28,3277.9775
2020-04-29,3294.2511
2020-04-30,3327.5734
2020-05-06,3310.5248
2020-05-07,3340.9241
2020-05-08,3371.3416
2020-05-11,3371.0316
2020-05-12,3332.7968
2020-05-13,3333.5746
2020-05-14,3323.4634
2020-05-15,3339.7969
2020-05-18,3353.797
2020-05-19,3398.1305
2020-05-20,3401.2417
2020-05-21,3433.9085
2020-05-22,3364.6859
2020-05-25,3395.0194
2020-05-26,3411.3528
2020-05-27,3394.2416
2020-05-28,3398.9083
2020-05-29,3417.5751
2020-06-01,3468.9087
2020-06-02,3465.7965
2020-06-03,3487.435
2020-06-04,3479.8058
2020-06-05,3518.1172
2020-06-08,3561.7334
2020-06-09,3599.1187
2020-06-10,3644.2927
2020-06-11,3649.7447
2020-06-12,3641.9561
2020-06-15,3593.6667
2020-06-16,3660.6488
2020-06-17,3631.8309
2020-06-18,3641.9561
2020-06-19,3713.6114
2020-06-22,3697.2553
2020-06-23,3726.852
2020-06-24,3727.6309
2020-06-29,3768.1317
2020-06-30,3800.065
2020-07-01,3843.6812
2020-07-02,3848.6675
2020-07-03,3808.6176
2020-07-06,3819.9961
2020-07-07,3842.4443
2020-07-08,3877.5315
2020-07-09,3950.8249
2020-07-10,3930.5523
2020-07-13,4123.1423
2020-07-14,4069.3418
2020-07-15,4064.6635
2020-07-16,3946.1466
2020-07-17,4008.5239
2020-07-20,3997.6079
2020-07-21,4044.3909
2020-07-22,4086.4956
2020-07-23,4052.1881
2020-07-24,3993.7093
2020-07-27,4023.3386
2020-07-28,4017.1008
2020-07-29,4045.1706
2020-07-30,4030.356
2020-07-31,4040.4923
2020-08-03,3980.4541
2020-08-04,4019.6043
2020-08-05,4004.4755
2020-08-06,4007.9068
2020-08-07,4001.3559
2020-08-10,3917.9131
2020-08-11,3924.1518
2020-08-12,3889.8389
2020-08-13,3935.0696
2020-08-14,3906.9953
2020-08-17,3954.5655
2020-08-18,3967.8228
2020-08-19,4075.4407
2020-08-20,4058.2842
2020-08-21,4039.568
2020-08-24,4019.2922
2020-08-25,3987.3188
2020-08-26,4011.4938
2020-08-27,4015.393
2020-08-28,4054.385
2020-08-31,4053.6051
2020-09-01,4132.3689
2020-09-02,4060.6237
2020-09-03,4036.4487
2020-09-04,4026.9346
2020-09-07,4076.6925
2020-09-08,4102.4253
2020-09-09,4043.162
2020-09-10,4036.144
2020-09-11,4031.4653
2020-09-14,4065.7756
2020-09-15,4070.4543
2020-09-16,4034.5844
2020-09-17,4004.9527
2020-09-18,4080.5914
2020-09-21,4069.6745
2020-09-22,4040.0429
2020-09-23,4012.7505
2020-09-24,3948.8085
2020-09-25,3979.9998
2020-09-28,3994.0358
2020-09-29,3972.202
2020-09-30,3971.4222
2020-10-09,4011.191
2020-10-12,4018.0538
2020-10-13,4005.2654
2020-10-14,4019.7688
2020-10-15,3997.9374
2020-10-16,4014.3097
2020-10-19,3990.9208
2020-10-20,4007.293
2020-10-21,4073.5615
2020-10-22,4080.5781
2020-10-23,4050.1726
2020-10-26,4039.2578
2020-10-27,4026.7837
2020-10-28,4041.5967
2020-10-29,4012.7504
2020-10-30,3971.4301
2020-11-02,3981.5652
2020-11-03,4038.004
2020-11-04,4024.44
2020-11-05,4009.1636
2020-11-06,4010.5663
2020-11-09,4042.5137
2020-11-10,4021.4752
2020-11-11,4051.0849
2020-11-12,4040.9553
2020-11-13,4069.0067
2020-11-16,4186.6666
2020-11-17,4122.7718
2020-11-18,4129.7846
2020-11-19,4108.7461
2020-11-20,4170.3033
2020-11-23,4205.3675
2020-11-24,4267.7038
2020-11-25,4250.5613
2020-11-26,4309.7809
2020-11-27,4372.8965
2020-11-30,4494.4524
2020-12-01,4444.5833
2020-12-02,4456.1153
2020-12-03,4431.6455
2020-12-04,4476.3796
2020-12-07,4444.2686
2020-12-08,4438.0332
2020-12-09,4466.0924
2020-12-10,4483.2397
2020-12-11,4512.8578
2020-12-14,4510.5195
2020-12-15,4499.6076
2020-12-16,4515.9754
2020-12-17,4577.5498
2020-12-18,4626.6535
2020-12-21,4620.4181
2020-12-22,4512.8578
2020-12-23,4508.9606
2020-12-24,4530.7845
2020-12-25,4564.2997
2020-12-28,4580.6675
2020-12-29,4534.6816
2020-12-30,4558.0643
2020-12-31,4501.1664
2021-01-04,4533.1227
2021-01-05,4529.3822
2021-01-06,4600.4342
2021-01-07,4631.9021
2021-01-08,4702.442
2021-01-11,4566.2408
2021-01-12,4569.354
2021-01-13,4574.802
2021-01-14,4571.6889
2021-01-15,4567.7974
2021-01-18,4613.7166
2021-01-19,4583.3632
2021-01-20,4601.264
2021-01-21,4618.3864
2021-01-22,4577.1369
2021-01-25,4598.9291
2021-01-26,4550.675
2021-01-27,4570.1323
2021-01-28,4495.4162
2021-01-29,4479.0721
2021-02-01,4507.0906
2021-02-02,4459.4674
2021-02-03,4436.437
2021-02-04,4500.2259
2021-02-05,4530.5593
2021-02-08,4577.218
2021-02-09,4639.4296
2021-02-10,4731.1917
2021-02-18,4925.6029
2021-02-19,5001.8121
2021-02-22,5238.9938
2021-02-23,5284.0972
2021-02-24,5280.9866
2021-02-25,5455.1791
2021-02-26,5284.0972
2021-03-01,5245.2149
2021-03-02,5193.5838
2021-03-03,5274.5921
2021-03-04,5169.666
2021-03-05,5127.707
2021-03-08,5116.8317
2021-03-09,5136.2519
2021-03-10,5080.3217
2021-03-11,5232.576
2021-03-12,5198.3965
2021-03-15,5245.0049
2021-03-16,5184.4139
2021-03-17,5199.9501
2021-03-18,5198.3965
2021-03-19,5128.4838
2021-03-22,5189.0748
2021-03-23,5207.7182
2021-03-24,5164.2169
2021-03-25,5092.7506
2021-03-26,5140.1359
2021-03-29,5153.3416
2021-03-30,5117.6085
2021-03-31,5095.8579
2021-04-01,5056.2407
2021-04-02,5211.7144
2021-04-06,5207.0549
2021-04-07,5198.0535
2021-04-08,5192.9345
2021-04-09,5181.3033
2021-04-12,5099.1096
2021-04-13,5112.2916
2021-04-14,5143.3081
2021-04-15,5275.9036
2021-04-16,5314.6742
2021-04-19,5401.5203
2021-04-20,5385.2367
2021-04-21,5328.6316
2021-04-22,5361.9743
2021-04-23,5384.4613
2021-04-26,5503.8747
2021-04-27,5620.1865
2021-04-28,5531.7895
2021-04-29,5612.4324
2021-04-30,5574.4372
2021-05-06,5679.1178
2021-05-07,5808.2408
2021-05-10,6028.8548
2021-05-11,5892.4623
2021-05-12,5978.0324
2021-05-13,5888.3349
2021-05-14,5780.0792
2021-05-17,5794.771
2021-05-18,5900.7069
2021-05-19,5747.6025
2021-05-20,5698.1142
2021-05-21,5579.8062
2021-05-24,5539.597
2021-05-25,5585.219
2021-05-26,5550.4225
2021-05-27,5562.7946
2021-05-28,5671.8235
2021-05-31,5718.2188
2021-06-01,5734.4572
2021-06-02,5697.8199
2021-06-03,5648.0674
2021-06-04,5483.3167
2021-06-07,5519.7377
2021-06-08,5522.8227
2021-06-09,5530.535
2021-06-10,5513.5678
2021-06-11,5552.9009
2021-06-15,5433.3593
2021-06-16,5292.223
2021-06-17,5316.9026
2021-06-18,5196.5897
2021-06-21,5130.2634
2021-06-22,5203.5309
2021-06-24,5281.4257
2021-06-25,5298.3929
2021-06-28,5292.9943
2021-06-29,5255.9749
2021-06-30,5274.4846
2021-07-01,5264.4585
2021-07-02,5264.4585
2021-07-05,5362.1647
2021-07-06,5404.5271
2021-07-07,5327.6893
2021-07-08,5301.5203
2021-07-09,5313.0654
2021-07-12,5317.6835
2021-07-13,5334.6163
2021-07-14,5309.2171
2021-07-15,5302.29
2021-07-16,5342.3131
2021-07-19,5296.1326
2021-07-20,5249.9521
2021-07-21,5238.407
2021-07-22,5310.7564
2021-07-23,5369.2517
2021-07-26,5446.9889
2021-07-27,5523.9563
2021-07-28,5530.1137
2021-07-29,5511.6415
2021-07-30,5527.8047
2021-08-02,5501.6358
2021-08-03,5421.7665
2021-08-04,5395.7635
2021-08-05,5327.9162
2021-08-06,5410.8241
2021-08-09,5343.1503
2021-08-10,5350.0715
2021-08-11,5370.066
2021-08-12,5416.9762
2021-08-13,5380.0633
2021-08-16,5353.1476
2021-08-17,5353.9166
2021-08-18,5275.4766
2021-08-19,5122.4416
2021-08-20,5156.2785
2021-08-23,5200.1126
2021-08-24,5272.4005
2021-08-25,5313.9276
2021-08-26,5274.7076
2021-08-27,5316.2346
2021-08-30,5393.1366
2021-08-31,5390.8296
2021-09-01,5298.5472
2021-09-02,5308.0865
2021-09-03,5314.3968
2021-09-06,5346.72
2021-09-07,5313.4677
2021-09-08,5281.1342
2021-09-09,5330.4042
2021-09-10,5386.6029
2021-09-13,5497.4605
2021-09-14,5370.4362
2021-09-15,5365.8171
2021-09-16,5386.925
2021-09-17,5356.7049
2021-09-22,5317.1863
2021-09-23,5307.8878
2021-09-24,5353.6054
2021-09-27,5367.5531
2021-09-28,5364.4536
2021-09-29,5297.0396
2021-09-30,5265.2697
2021-10-08,5334.2335
2021-10-11,5443.8446
2021-10-12,5398.5511
2021-10-13,5431.6078
2021-10-14,5619.4845
2021-10-15,5728.2087
2021-10-18,5916.9227
2021-10-19,5877.3161
2021-10-20,5687.8254
2021-10-21,5638.123
2021-10-22,5621.8143
2021-10-25,5600.0695
2021-10-26,5591.5269
2021-10-27,5479.6964
2021-10-28,5522.4094
2021-10-29,5478.1432
2021-11-01,5447.0791
2021-11-02,5408.5436
2021-11-03,5538.9828
2021-11-04,5440.4958
2021-11-05,5398.7613
2021-11-08,5427.5984
2021-11-09,5475.9199
2021-11-10,5455.656
2021-11-11,5465.788
2021-11-12,5478.258
2021-11-15,5493.8456
2021-11-16,5456.4354
2021-11-17,5438.5097
2021-11-18,5331.7347
2021-11-19,5495.4044
2021-11-22,5469.6849
2021-11-23,5513.3301
2021-11-24,5550.7403
2021-11-25,5609.1938
2021-11-26,5499.3013
2021-11-29,5473.5818
2021-11-30,5412.7902
2021-12-01,5428.3778
2021-12-02,5348.2346
2021-12-03,5413.6118
2021-12-06,5381.1419
2021-12-07,5414.5715
2021-12-08,5421.6024
2021-12-09,5432.5393
2021-12-10,5420.04
2021-12-13,5429.4145
2021-12-14,5373.1673
2021-12-15,5295.8275
2021-12-16,5341.9189
2021-12-17,5408.3218
2021-12-20,5351.2934
2021-12-21,5408.3218
2021-12-22,5444.2575
2021-12-23,5482.5368
2021-12-24,5448.9448
2021-12-27,5431.7581
2021-12-28,5503.6295
2021-12-29,5484.0992
2021-12-30,5469.2562
2021-12-31,5498.161
2022-01-04,5447.3823
2022-01-05,5477.0615
2022-01-06,5429.2729
2022-01-07,5427.4018
2022-01-10,5450.1954
2022-01-11,5446.293
2022-01-12,5557.1232
2022-01-13,5580.5381
2022-01-14,5582.8796
2022-01-17,5478.2933
2022-01-18,5471.2688
2022-01-19,5465.0248
2022-01-20,5555.5622
2022-01-21,5564.1477
2022-01-24,5500.9276
2022-01-25,5429.9026
2022-01-26,5520.44
2022-01-27,5446.293
2022-01-28,5486.0982
2022-02-07,5497.0251
2022-02-08,5508.4196
2022-02-09,5496.8684
2022-02-10,5697.322
2022-02-11,5581.9307
2022-02-14,5572.5624
2022-02-15,5548.361
2022-02-16,5582.7114
2022-02-17,5554.6065
2022-02-18,5610.8162
2022-02-21,5581.15
2022-02-22,5549.9224
2022-02-23,5572.5624
2022-02-24,5540.5541
2022-02-25,5518.6948
2022-02-28,5542.1155
2022-03-01,5546.7997
2022-03-02,5583.9638
2022-03-03,5702.1702
2022-03-04,5690.4615
2022-03-07,5854.2326
2022-03-08,5776.9568
2022-03-09,5673.9223
2022-03-10,5607.5743
2022-03-11,5627.0884
2022-03-14,5596.6464
2022-03-15,5557.6182
2022-03-16,5618.5022
2022-03-17,5634.8941
2022-03-18,5680.9474
2022-03-21,5688.753
2022-03-22,5707.4865
2022-03-23,5712.1699
2022-03-24,5743.3925
2022-03-25,5741.8314
2022-03-28,5693.4364
2022-03-29,5742.6119
2022-03-30,5792.5681
2022-03-31,5723.0978
2022-04-01,5710.6088
2022-04-06,5754.4887
2022-04-07,5730.5913
2022-04-08,5759.3378
2022-04-11,5715.4315
2022-04-12,5720.9016
2022-04-13,5770.1321
2022-04-14,5777.9465
2022-04-15,5840.4615
2022-04-18,5826.3956
2022-04-19,5852.9645
2022-04-20,5809.9854
2022-04-21,5807.6411
2022-04-22,5855.3088
2022-04-25,5731.0603
2022-04-26,5724.8088
2022-04-27,5729.4974
2022-04-28,5729.4974
2022-04-29,5751.3776
2022-05-05,5685.7369
2022-05-06,5629.279
2022-05-09,5580.3268
2022-05-10,5602.2437
2022-05-11,5591.745
2022-05-12,5533.7002
2022-05-13,5552.5463
2022-05-16,5575.3188
2022-05-17,5614.5816
2022-05-18,5575.3188
2022-05-19,5587.8829
2022-05-20,5620.0784
2022-05-23,5631.0719
2022-05-24,5612.2258
2022-05-25,5616.9373
2022-05-26,5581.6008
2022-05-27,5645.9918
2022-05-30,5649.9181
2022-05-31,5663.2675
2022-06-01,5622.4341
2022-06-02,5664.2407
2022-06-06,5708.1217
2022-06-07,5692.7014
2022-06-08,5723.7231
2022-06-09,5722.148
2022-06-10,5706.3976
2022-06-13,5631.5828
2022-06-14,5621.345
2022-06-15,5552.0429
2022-06-16,5539.4425
2022-06-17,5475.6531
2022-06-20,5334.6863
2022-06-21,5335.4738
2022-06-22,5259.084
2022-06-23,5212.6201
2022-06-24,4996.0511
2022-06-27,5020.4643
2022-06-28,5110.242
2022-06-29,4998.4136
2022-06-30,5028.3396
2022-07-01,4853.5093
2022-07-04,4777.4053
2022-07-05,4733.7447
2022-07-06,4543.1186
2022-07-07,4618.4853
2022-07-08,4640.5644
2022-07-11,4609.0228
2022-07-12,4512.8208
2022-07-13,4410.3104
2022-07-14,4370.0948
2022-07-15,4208.4439
2022-07-18,4430.024
2022-07-19,4400.0594
2022-07-20,4471.8166
2022-07-21,4418.1958
2022-07-22,4475.7593
2022-07-25,4495.4729
2022-07-26,4643.7186
2022-07-27,4604.2915
2022-07-28,4730.4581
2022-07-29,4739.1321
2022-08-01,4797.4841
2022-08-02,4750.6035
2022-08-03,4712.8419
2022-08-04,4630.4438
2022-08-05,4755.8375
2022-08-08,4802.5877
2022-08-09,4827.9437
2022-08-10,4814.4733
2022-08-11,4944.4229
2022-08-12,4961.8552
2022-08-15,4847.7531
2022-08-16,4890.5414
2022-08-17,4879.4481
2022-08-18,4813.6809
2022-08-19,4874.6939
2022-08-22,4941.2534
2022-08-23,4960.2704
2022-08-24,4996.7197
2022-08-25,4974.5332
2022-08-26,5046.6393
2022-08-29,4956.3085
2022-08-30,4928.5754
2022-08-31,4917.4821
2022-09-01,4808.1343
2022-09-02,4717.236
2022-09-05,4799.8168
2022-09-06,4879.9369
2022-09-07,4794.6118
2022-09-08,4837.6486
2022-09-09,4992.2621
2022-09-13,4998.6379
2022-09-14,4923.7221
2022-09-15,4910.9704
2022-09-16,4892.64
2022-09-19,4921.3311
2022-09-20,4947.6314
2022-09-21,4965.9618
2022-09-22,4931.6918
2022-09-23,4901.4067
2022-09-26,4761.1388
2022-09-27,4819.3181
2022-09-28,4783.4542
2022-09-29,4851.1972
2022-09-30,4887.0611
2022-10-10,4882.2793
2022-10-11,4969.7372
2022-10-12,4997.6388
2022-10-13,4967.5483
2022-10-14,5063.7276
2022-10-17,5028.8836
2022-10-18,5014.2978
2022-10-19,4956.7646
2022-10-20,4960.8162
2022-10-21,5006.1945
2022-10-24,5092.0891
2022-10-25,5109.9162
2022-10-26,5084.7961
2022-10-27,5141.5189
2022-10-28,5091.2787
2022-10-31,5028.8836
2022-11-01,5133.4157
2022-11-02,5151.4574
2022-11-03,5134.1879
2022-11-04,5203.2874
2022-11-07,5329.1714
2022-11-08,5334.1013
2022-11-09,5414.6222
2022-11-10,5440.0931
2022-11-11,5536.2253
2022-11-14,5486.9267
2022-11-15,5494.3215
2022-11-16,5456.526
2022-11-17,5441.7364
2022-11-18,5374.3617
2022-11-21,5316.8468
2022-11-22,5264.2617
2022-11-23,5316.8468
2022-11-24,5339.8528
2022-11-25,5354.6423
2022-11-28,5269.1915
2022-11-29,5347.2476
2022-11-30,5314.3819
2022-12-01,5413.8006
2022-12-02,5442.8876
2022-12-05,5445.5168
2022-12-06,5404.2756
2022-12-07,5374.5377
2022-12-08,5450.1197
2022-12-09,5516.6647
2022-12-12,5423.8303
2022-12-13,5426.2949
2022-12-14,5464.9075
2022-12-15,5419.7226
2022-12-16,5362.2145
2022-12-19,5346.4472
2022-12-20,5338.3983
2022-12-21,5399.0044
2022-12-22,5405.0809
2022-12-23,5368.1329
2022-12-26,5420.6811
2022-12-27,5451.8816
2022-12-28,5408.14
2022-12-29,5408.14
2022-12-30,5392.6765
2023-01-03,5353.6109
2023-01-04,5251.0638
2023-01-05,5226.6478
2023-01-06,5305.5928
2023-01-09,5378.8408
2023-01-10,5419.5341
2023-01-11,5534.2892
2023-01-12,5588.0044
2023-01-13,5585.5628
2023-01-16,5586.3766
2023-01-17,5566.8438
2023-01-18,5721.4784
2023-01-19,5671.0187
2023-01-20,5731.2448
2023-01-30,5642.5334
2023-01-31,5635.2086
2023-02-01,5672.6464
2023-02-02,5620.8845
2023-02-03,5606.3987
2023-02-06,5561.1503
2023-02-07,5556.5929
2023-02-08,5589.9585
2023-02-09,5591.5861
2023-02-10,5575.3102
2023-02-13,5549.2687
2023-02-14,5591.5861
2023-02-15,5591.5861
2023-02-16,5581.0067
2023-02-17,5612.7447
2023-02-20,5655.8759
2023-02-21,5716.9105
2023-02-22,5712.8415
2023-02-23,5697.3794
2023-02-24,5664.8276
2023-02-27,5558.2205
2023-02-28,5619.2551
2023-03-01,5703.076
2023-03-02,5679.4777
2023-03-03,5680.7807
2023-03-06,5639.7806
2023-03-07,5661.9057
2023-03-08,5604.9695
2023-03-09,5636.6911
2023-03-10,5595.209
2023-03-13,5630.9975
2023-03-14,5568.3676
2023-03-15,5578.9415
2023-03-16,5387.7983
2023-03-17,5452.0549
2023-03-20,5418.7065
2023-03-21,5492.7237
2023-03-22,5537.4593
2023-03-23,5559.4205
2023-03-24,5674.1064
2023-03-27,5632.6242
2023-03-28,5638.3179
2023-03-29,5635.0644
2023-03-30,5665.9726
2023-03-31,5628.5574
2023-04-03,5624.4905
2023-04-04,5618.1433
2023-04-06,5572.5599
2023-04-07,5615.884
2023-04-10,5590.1405
2023-04-11,5603.9956
2023-04-12,5600.7356
2023-04-13,5627.6308
2023-04-14,5696.9065
2023-04-17,5711.5767
2023-04-18,5679.7914
2023-04-19,5654.5261
2023-04-20,5644.746
2023-04-21,5588.5105
2023-04-24,5562.4302
2023-04-25,5548.5751
2023-04-26,5495.5995
2023-04-27,5424.6938
2023-04-28,5493.9695
2023-05-04,5454.0341
2023-05-05,5445.3933
2023-05-08,5497.9011
2023-05-09,5464.7878
2023-05-10,5479.9632
2023-05-11,5316.7476
2023-05-12,5262.0704
2023-05-15,5292.2653
2023-05-16,5242.4845
2023-05-17,5255.5418
2023-05-18,5355.9194
2023-05-19,5349.3907
2023-05-22,5293.0814
2023-05-23,5240.8524
2023-05-24,5210.6575
2023-05-25,5178.8304
2023-05-26,5274.3116
2023-05-29,5321.6441
2023-05-30,5288.1849
2023-05-31,5297.9778
2023-06-01,5363.2641
2023-06-02,5407.1974
2023-06-05,5367.001
2023-06-06,5421.1141
2023-06-07,5429.1308
2023-06-08,5438.9529
2023-06-09,5476.604
2023-06-12,5455.3229
2023-06-13,5495.4296
2023-06-14,5528.9882
2023-06-15,5537.9918
2023-06-16,5601.0165
2023-06-19,5583.8279
2023-06-20,5592.013
2023-06-21,5614.1125
2023-06-26,5577.2799
2023-06-27,5578.0984
2023-06-28,5539.6288
2023-06-29,5502.7961
2023-06-30,5508.5256
2023-07-03,5587.1019
