day,close
2016-01-04,1074.49
2016-01-05,1077.17
2016-01-06,1093.27
2016-01-07,1108.91
2016-01-08,1103.79
2016-01-11,1093.96
2016-01-12,1087.21
2016-01-13,1092.96
2016-01-14,1077.33
2016-01-15,1088.59
2016-01-18,1088.78
2016-01-19,1087.14
2016-01-20,1100.96
2016-01-21,1101.09
2016-01-22,1097.71
2016-01-29,1118.03
2016-02-01,1128.42
2016-02-02,1128.61
2016-02-03,1142.7
2016-02-04,1155.45
2016-02-05,1160.27
2016-02-08,1189.83
2016-02-09,1188.79
2016-02-10,1197.4
2016-02-11,1248.83
2016-02-12,1238.19
2016-02-15,1208.88
2016-02-16,1199.35
2016-02-17,1208.4
2016-02-18,1231.96
2016-02-19,1227.32
2016-02-22,1208.43
2016-02-23,1226.33
2016-02-24,1229.09
2016-02-25,1233.29
2016-02-26,1223.55
2016-02-29,1238.25
2016-03-01,1231.6
2016-03-02,1239.95
2016-03-03,1265.88
2016-03-04,1258.73
2016-03-07,1267.25
2016-03-08,1261.56
2016-03-09,1252.97
2016-03-10,1272.19
2016-03-11,1250.05
2016-03-14,1235.0
2016-03-15,1232.59
2016-03-16,1262.71
2016-03-17,1257.95
2016-03-18,1255.03
2016-03-21,1243.71
2016-03-22,1248.33
2016-03-23,1219.85
2016-03-24,1216.97
2016-03-25,1216.69
2016-03-28,1221.21
2016-03-29,1240.42
2016-03-30,1224.54
2016-03-31,1232.6
2016-04-01,1222.23
2016-04-04,1215.54
2016-04-05,1230.33
2016-04-06,1224.5
2016-04-07,1240.57
2016-04-08,1240.36
2016-04-11,1257.42
2016-04-12,1255.62
2016-04-13,1243.21
2016-04-14,1226.56
2016-04-15,1233.69
2016-04-18,1232.61
2016-04-19,1250.0
2016-04-20,1243.71
2016-04-21,1248.7
2016-04-22,1232.76
2016-04-25,1237.58
2016-04-26,1243.51
2016-04-27,1245.73
2016-04-28,1266.16
2016-04-29,1293.56
2016-05-02,1291.2
2016-05-03,1286.45
2016-05-04,1279.73
2016-05-05,1278.03
2016-05-06,1288.63
2016-05-09,1263.48
2016-05-10,1266.01
2016-05-11,1276.99
2016-05-12,1263.96
2016-05-13,1273.28
2016-05-16,1273.66
2016-05-17,1279.38
2016-05-18,1257.88
2016-05-19,1254.31
2016-05-20,1251.88
2016-05-23,1249.12
2016-05-24,1226.81
2016-05-25,1224.44
2016-05-26,1219.78
2016-05-27,1212.03
2016-05-30,1205.2
2016-05-31,1215.15
2016-06-01,1212.48
2016-06-02,1211.03
2016-06-03,1244.58
2016-06-06,1245.08
2016-06-07,1244.36
2016-06-08,1261.97
2016-06-09,1269.35
2016-06-10,1273.93
2016-06-13,1283.93
2016-06-14,1285.9
2016-06-15,1292.84
2016-06-16,1278.9
2016-06-17,1298.68
2016-06-20,1289.69
2016-06-21,1267.2
2016-06-22,1266.12
2016-06-23,1256.42
2016-06-24,1315.43
2016-06-27,1324.98
2016-06-28,1312.21
2016-06-29,1318.73
2016-06-30,1321.78
2016-07-01,1342.63
2016-07-04,1350.4
2016-07-05,1356.3
2016-07-06,1363.87
2016-07-07,1360.62
2016-07-08,1364.67
2016-07-11,1355.12
2016-07-12,1332.84
2016-07-13,1342.6
2016-07-14,1334.91
2016-07-15,1338.43
2016-07-18,1328.18
2016-07-19,1331.98
2016-07-20,1315.75
2016-07-21,1330.86
2016-07-22,1322.38
2016-07-25,1315.5
2016-07-26,1320.19
2016-07-27,1339.4
2016-07-28,1335.51
2016-07-29,1351.12
2016-08-01,1352.65
2016-08-02,1363.97
2016-08-03,1358.43
2016-08-04,1361.77
2016-08-05,1337.45
2016-08-08,1335.16
2016-08-09,1340.89
2016-08-10,1346.21
2016-08-11,1338.53
2016-08-12,1336.67
2016-08-15,1339.35
2016-08-16,1346.39
2016-08-17,1348.46
2016-08-18,1352.16
2016-08-19,1341.33
2016-08-22,1338.6
2016-08-23,1337.9
2016-08-24,1323.9
2016-08-25,1321.41
2016-08-26,1321.52
2016-08-29,1323.23
2016-08-30,1310.45
2016-08-31,1308.87
2016-09-01,1313.03
2016-09-02,1325.13
2016-09-05,1327.4
2016-09-06,1349.99
2016-09-07,1344.67
2016-09-08,1337.66
2016-09-09,1327.96
2016-09-12,1327.49
2016-09-13,1317.78
2016-09-14,1322.09
2016-09-15,1314.57
2016-09-16,1309.83
2016-09-19,1313.2
2016-09-20,1314.73
2016-09-21,1332.5
2016-09-22,1337.41
2016-09-23,1338.81
2016-09-26,1338.01
2016-09-27,1326.87
2016-09-28,1321.4
2016-09-29,1320.41
2016-09-30,1316.37
2016-10-03,1311.65
2016-10-04,1268.48
2016-10-05,1266.89
2016-10-06,1254.4
2016-10-07,1256.66
2016-10-10,1259.59
2016-10-11,1257.51
2016-10-12,1253.03
2016-10-13,1257.2
2016-10-14,1252.76
2016-10-17,1255.35
2016-10-18,1262.48
2016-10-19,1270.73
2016-10-20,1267.06
2016-10-21,1263.96
2016-10-24,1262.45
2016-10-25,1272.98
2016-10-26,1267.55
2016-10-27,1268.73
2016-10-28,1267.5
2016-10-31,1274.37
2016-11-01,1286.99
2016-11-02,1304.0
2016-11-03,1298.51
2016-11-04,1304.12
2016-11-07,1281.47
2016-11-08,1284.36
2016-11-09,1289.18
2016-11-10,1269.5
2016-11-11,1233.9
2016-11-14,1213.0
2016-11-15,1224.23
2016-11-16,1225.2
2016-11-17,1227.59
2016-11-18,1207.29
2016-11-21,1214.51
2016-11-22,1208.43
2016-11-23,1184.49
2016-11-24,1185.78
2016-11-25,1185.05
2016-11-28,1189.31
2016-11-29,1187.19
2016-11-30,1176.45
2016-12-01,1167.25
2016-12-02,1174.4
2016-12-05,1162.09
2016-12-06,1167.76
2016-12-07,1178.1
2016-12-08,1170.89
2016-12-09,1161.45
2016-12-12,1159.67
2016-12-13,1157.7
2016-12-14,1162.82
2016-12-15,1126.74
2016-12-16,1128.57
2016-12-19,1139.63
2016-12-20,1127.66
2016-12-21,1130.93
2016-12-22,1132.78
2016-12-23,1135.08
2016-12-27,1136.67
2016-12-28,1138.21
2016-12-29,1149.44
2016-12-30,1157.23
2017-01-03,1155.28
2017-01-04,1164.8
2017-01-05,1181.41
2017-01-06,1176.2
2017-01-09,1180.01
2017-01-10,1188.43
2017-01-11,1179.23
2017-01-12,1201.89
2017-01-13,1194.29
2017-01-16,1203.17
2017-01-17,1213.19
2017-01-18,1215.36
2017-01-19,1199.85
2017-01-20,1203.53
2017-01-23,1216.96
2017-01-24,1214.2
2017-01-25,1197.61
2017-01-26,1186.39
2017-01-27,1187.49
2017-01-30,1198.48
2017-02-01,1203.07
2017-02-02,1216.81
2017-02-03,1219.74
2017-02-06,1228.98
2017-02-07,1234.71
2017-02-08,1241.63
2017-02-09,1234.11
2017-02-10,1230.12
2017-02-13,1222.91
2017-02-14,1223.09
2017-02-15,1224.98
2017-02-16,1241.23
2017-02-17,1239.19
2017-02-20,1237.01
2017-02-21,1233.55
2017-02-22,1232.93
2017-02-23,1250.38
2017-02-24,1256.38
2017-02-27,1259.71
2017-02-28,1256.8
2017-03-01,1243.58
2017-03-02,1241.34
2017-03-03,1225.17
2017-03-06,1228.57
2017-03-07,1220.58
2017-03-08,1207.92
2017-03-09,1203.73
2017-03-10,1201.45
2017-03-13,1204.64
2017-03-14,1205.83
2017-03-15,1200.81
2017-03-16,1228.58
2017-03-17,1229.32
2017-03-20,1233.38
2017-03-21,1243.12
2017-03-22,1247.56
2017-03-23,1245.11
2017-03-24,1247.74
2017-03-27,1254.56
2017-03-28,1254.76
2017-03-29,1251.77
2017-03-30,1243.15
2017-03-31,1246.87
2017-04-03,1253.04
2017-04-05,1256.27
2017-04-06,1251.17
2017-04-07,1251.75
2017-04-10,1254.77
2017-04-11,1254.57
2017-04-12,1253.18
2017-04-13,1272.04
2017-04-14,1285.54
2017-04-17,1288.42
2017-04-18,1290.81
2017-04-19,1277.69
2017-04-20,1277.06
2017-04-21,1284.65
2017-04-24,1274.99
2017-04-25,1266.99
2017-04-26,1265.03
2017-04-27,1265.4
2017-04-28,1266.86
2017-05-01,1259.57
2017-05-02,1255.09
2017-05-03,1238.15
2017-05-04,1228.06
2017-05-05,1228.3
2017-05-08,1227.6
2017-05-09,1217.26
2017-05-10,1221.67
2017-05-11,1223.44
2017-05-12,1229.32
2017-05-15,1233.66
2017-05-16,1236.68
2017-05-17,1256.2
2017-05-18,1255.78
2017-05-19,1252.08
2017-05-22,1259.91
2017-05-23,1256.05
2017-05-24,1251.2
2017-05-25,1257.29
2017-05-26,1265.99
2017-05-29,1267.54
2017-05-30,1263.37
2017-05-31,1267.45
2017-06-01,1263.04
2017-06-02,1276.72
2017-06-05,1277.78
2017-06-06,1293.7
2017-06-07,1289.3
2017-06-08,1277.31
2017-06-09,1267.45
2017-06-12,1265.8
2017-06-13,1262.66
2017-06-14,1276.18
2017-06-15,1253.92
2017-06-16,1254.19
2017-06-19,1248.01
2017-06-20,1243.59
2017-06-21,1244.2
2017-06-22,1250.55
2017-06-23,1255.53
2017-06-26,1243.15
2017-06-27,1246.54
2017-06-28,1249.51
2017-06-29,1243.66
2017-06-30,1242.91
2017-07-03,1222.64
2017-07-04,1222.99
2017-07-05,1223.18
2017-07-06,1224.33
2017-07-07,1209.56
2017-07-10,1212.85
2017-07-11,1214.27
2017-07-12,1221.15
2017-07-13,1218.55
2017-07-14,1228.43
2017-07-17,1233.59
2017-07-18,1242.73
2017-07-19,1240.87
2017-07-20,1246.06
2017-07-21,1252.18
2017-07-24,1255.51
2017-07-25,1251.55
2017-07-26,1248.23
2017-07-27,1257.54
2017-07-28,1269.18
2017-07-31,1268.65
2017-08-01,1271.52
2017-08-02,1271.84
2017-08-03,1268.55
2017-08-04,1257.37
2017-08-07,1259.15
2017-08-08,1254.31
2017-08-09,1272.99
2017-08-10,1284.47
2017-08-11,1287.79
2017-08-14,1284.62
2017-08-15,1273.17
2017-08-16,1273.39
2017-08-17,1284.69
2017-08-18,1289.8
2017-08-21,1289.29
2017-08-22,1287.18
2017-08-23,1287.76
2017-08-24,1287.25
2017-08-25,1290.82
2017-08-28,1306.41
2017-08-29,1316.43
2017-08-30,1308.9
2017-08-31,1317.68
2017-09-01,1323.88
2017-09-04,1334.2
2017-09-05,1335.4
2017-09-06,1339.9
2017-09-07,1345.69
2017-09-08,1347.68
2017-09-11,1333.18
2017-09-12,1327.29
2017-09-13,1322.36
2017-09-14,1325.03
2017-09-15,1323.27
2017-09-18,1307.75
2017-09-19,1309.49
2017-09-20,1311.95
2017-09-21,1294.72
2017-09-22,1296.08
2017-09-25,1304.89
2017-09-26,1300.5
2017-09-27,1286.3
2017-09-28,1284.36
2017-09-29,1284.15
2017-10-02,1274.88
2017-10-03,1273.87
2017-10-04,1273.31
2017-10-05,1272.52
2017-10-06,1274.83
2017-10-09,1280.73
2017-10-10,1291.06
2017-10-11,1288.28
2017-10-12,1292.5
2017-10-13,1300.08
2017-10-16,1303.17
2017-10-17,1284.27
2017-10-18,1281.03
2017-10-19,1287.7
2017-10-20,1279.24
2017-10-23,1280.52
2017-10-24,1275.67
2017-10-25,1276.71
2017-10-26,1273.72
2017-10-27,1271.35
2017-10-30,1274.68
2017-10-31,1269.5
2017-11-01,1276.48
2017-11-02,1278.65
2017-11-03,1267.63
2017-11-06,1273.35
2017-11-07,1275.47
2017-11-08,1284.84
2017-11-09,1282.94
2017-11-10,1283.99
2017-11-13,1279.31
2017-11-14,1278.72
2017-11-15,1278.6
2017-11-16,1280.17
2017-11-17,1287.61
2017-11-20,1285.58
2017-11-21,1281.43
2017-11-22,1288.92
2017-11-23,1291.18
2017-11-24,1288.18
2017-11-27,1294.92
2017-11-28,1294.63
2017-11-29,1285.15
2017-11-30,1278.59
2017-12-01,1274.16
2017-12-04,1275.14
2017-12-05,1263.64
2017-12-06,1264.13
2017-12-07,1252.81
2017-12-08,1247.34
2017-12-11,1247.23
2017-12-12,1236.73
2017-12-13,1248.2
2017-12-14,1253.21
2017-12-15,1254.84
2017-12-18,1263.29
2017-12-19,1260.95
2017-12-20,1264.02
2017-12-21,1265.5
2017-12-22,1272.51
2017-12-26,1281.99
2017-12-27,1285.92
2017-12-28,1293.77
2017-12-29,1302.66
2018-01-02,1312.37
2018-01-03,1316.45
2018-01-04,1319.37
2018-01-05,1318.99
2018-01-08,1319.21
2018-01-09,1311.76
2018-01-10,1318.41
2018-01-11,1320.87
2018-01-12,1330.64
2018-01-15,1340.39
2018-01-16,1334.99
2018-01-17,1335.65
2018-01-18,1329.17
2018-01-19,1333.11
2018-01-22,1334.15
2018-01-23,1337.99
2018-01-24,1352.76
2018-01-25,1357.45
2018-01-26,1352.03
2018-01-29,1339.45
2018-01-30,1341.51
2018-01-31,1342.32
2018-02-01,1341.72
2018-02-02,1329.6
2018-02-05,1335.03
2018-02-06,1328.04
2018-02-07,1320.58
2018-02-08,1314.56
2018-02-09,1314.75
2018-02-12,1324.04
2018-02-13,1328.12
2018-02-14,1348.13
2018-02-15,1350.9
2018-02-16,1355.7
2018-02-19,1348.11
2018-02-20,1338.22
2018-02-21,1330.3
2018-02-22,1328.14
2018-02-23,1328.61
2018-02-26,1332.01
2018-02-27,1317.11
2018-02-28,1318.39
2018-03-01,1305.68
2018-03-02,1320.14
2018-03-05,1321.59
2018-03-06,1336.77
2018-03-07,1326.87
2018-03-08,1319.79
2018-03-09,1321.2
2018-03-12,1318.36
2018-03-13,1326.28
2018-03-14,1323.99
2018-03-15,1317.04
2018-03-16,1313.54
2018-03-19,1319.33
2018-03-20,1312.22
2018-03-21,1324.93
2018-03-22,1327.58
2018-03-23,1349.05
2018-03-26,1355.14
2018-03-27,1342.75
2018-03-28,1328.76
2018-03-29,1323.23
2018-04-02,1338.44
2018-04-03,1332.32
2018-04-04,1334.39
2018-04-05,1325.13
2018-04-06,1332.14
2018-04-09,1333.27
2018-04-10,1338.7
2018-04-11,1361.53
2018-04-12,1338.06
2018-04-13,1345.15
2018-04-16,1347.04
2018-04-17,1343.93
2018-04-18,1350.43
2018-04-19,1342.08
2018-04-20,1338.02
2018-04-23,1322.62
2018-04-24,1329.0
2018-04-25,1321.06
2018-04-26,1316.39
2018-04-27,1321.75
2018-04-30,1315.19
2018-05-01,1305.77
2018-05-02,1306.94
2018-05-03,1313.72
2018-05-04,1311.29
2018-05-07,1314.01
2018-05-08,1310.7
2018-05-09,1313.55
2018-05-10,1318.8
2018-05-11,1321.97
2018-05-14,1319.31
2018-05-15,1293.38
2018-05-16,1289.53
2018-05-17,1288.62
2018-05-18,1291.31
2018-05-21,1289.25
2018-05-22,1292.55
2018-05-23,1291.39
2018-05-24,1303.84
2018-05-25,1304.48
2018-05-28,1298.42
2018-05-29,1302.62
2018-05-30,1304.14
2018-05-31,1301.08
2018-06-01,1296.55
2018-06-04,1293.56
2018-06-05,1296.46
2018-06-06,1299.79
2018-06-07,1298.01
2018-06-08,1298.6
2018-06-11,1301.24
2018-06-12,1297.5
2018-06-13,1297.59
2018-06-14,1304.33
2018-06-15,1277.77
2018-06-18,1278.26
2018-06-19,1275.61
2018-06-20,1274.19
2018-06-21,1267.49
2018-06-22,1268.61
2018-06-25,1266.74
2018-06-26,1260.94
2018-06-27,1254.22
2018-06-28,1250.24
2018-06-29,1252.65
2018-07-02,1243.7
2018-07-03,1256.49
2018-07-04,1256.11
2018-07-05,1257.59
2018-07-06,1254.01
2018-07-09,1260.39
2018-07-10,1255.64
2018-07-11,1247.03
2018-07-12,1247.38
2018-07-13,1242.01
2018-07-16,1239.5
2018-07-17,1227.42
2018-07-18,1225.85
2018-07-19,1216.57
2018-07-20,1229.09
2018-07-23,1225.15
2018-07-24,1224.2
2018-07-25,1228.58
2018-07-26,1226.12
2018-07-27,1226.5
2018-07-30,1223.4
2018-07-31,1223.85
2018-08-01,1218.95
2018-08-02,1213.91
2018-08-03,1217.69
2018-08-06,1210.58
2018-08-07,1212.42
2018-08-08,1209.71
2018-08-09,1213.82
2018-08-10,1211.81
2018-08-13,1195.75
2018-08-14,1196.46
2018-08-15,1176.58
2018-08-16,1179.51
2018-08-17,1178.0
2018-08-20,1186.54
2018-08-21,1189.35
2018-08-22,1195.99
2018-08-23,1189.1
2018-08-24,1208.28
2018-08-27,1209.34
2018-08-28,1208.65
2018-08-29,1204.12
2018-08-30,1199.28
2018-08-31,1200.33
2018-09-03,1200.81
2018-09-04,1191.54
2018-09-05,1196.84
2018-09-06,1198.59
2018-09-07,1196.82
2018-09-10,1196.46
2018-09-11,1195.65
2018-09-12,1202.3
2018-09-13,1202.97
2018-09-14,1196.95
2018-09-17,1202.57
2018-09-18,1199.11
2018-09-19,1203.46
2018-09-20,1203.67
2018-09-21,1196.06
2018-09-24,1201.37
2018-09-25,1201.26
2018-09-26,1194.67
2018-09-27,1184.02
2018-09-28,1192.49
2018-10-01,1188.4
2018-10-02,1203.587
2018-10-03,1199.752
2018-10-04,1201.29
2018-10-05,1201.1
2018-10-08,1185.67
2018-10-09,1189.09
2018-10-10,1189.4
2018-10-11,1219.39
2018-10-12,1219.56
2018-10-15,1228.13
2018-10-16,1228.2
2018-10-17,1226.45
2018-10-18,1229.43
2018-10-19,1226.63
2018-10-22,1221.43
2018-10-23,1233.5
2018-10-24,1228.66
2018-10-25,1229.56
2018-10-26,1239.52
2018-10-29,1230.13
2018-10-30,1224.25
2018-10-31,1216.69
2018-11-01,1230.56
2018-11-02,1231.43
2018-11-05,1231.2
2018-11-06,1228.36
2018-11-07,1227.64
2018-11-08,1224.15
2018-11-09,1212.38
2018-11-12,1204.13
2018-11-13,1203.17
2018-11-14,1201.6
2018-11-15,1213.46
2018-11-16,1220.78
2018-11-19,1222.58
2018-11-20,1223.28
2018-11-21,1226.45
2018-11-22,1227.44
2018-11-23,1222.81
2018-11-26,1222.94
2018-11-27,1214.68
2018-11-28,1212.81
2018-11-29,1227.66
2018-11-30,1218.44
2018-12-03,1232.45
2018-12-04,1238.47
2018-12-05,1237.36
2018-12-06,1241.95
2018-12-07,1245.09
2018-12-10,1245.27
2018-12-11,1243.66
2018-12-12,1245.76
2018-12-13,1243.06
2018-12-14,1236.11
2018-12-17,1242.3
2018-12-18,1246.42
2018-12-19,1254.64
2018-12-20,1256.46
2018-12-21,1259.61
2018-12-24,1265.74
2018-12-25,1269.07
2018-12-26,1278.25
2018-12-27,1274.82
2018-12-28,1278.26
2018-12-31,1280.42
2019-01-01,1282.2
2019-01-02,1285.74
2019-01-03,1289.29
2019-01-04,1282.67
2019-01-07,1288.17
2019-01-08,1284.75
2019-01-09,1290.4
2019-01-10,1289.85
2019-01-11,1290.2
2019-01-14,1290.2
2019-01-15,1290.85
2019-01-16,1293.14
2019-01-17,1290.61
2019-01-18,1283.56
2019-01-21,1280.41
2019-01-22,1280.52
2019-01-23,1282.11
2019-01-24,1282.1
2019-01-25,1297.43
2019-01-28,1302.77
2019-01-29,1310.75
2019-01-30,1312.01
2019-01-31,1322.5
2019-02-01,1318.19
2019-02-04,1313.65
2019-02-05,1314.66
2019-02-06,1312.24
2019-02-07,1308.93
2019-02-08,1313.68
2019-02-11,1308.4
2019-02-12,1309.77
2019-02-13,1314.59
2019-02-14,1309.61
2019-02-15,1314.49
2019-02-18,1325.52
2019-02-19,1338.16
2019-02-20,1344.73
2019-02-21,1331.87
2019-02-22,1329.22
2019-02-25,1329.2
2019-02-26,1327.17
2019-02-27,1323.54
2019-02-28,1315.62
2019-03-01,1305.51
2019-03-04,1285.75
2019-03-05,1284.15
2019-03-06,1286.78
2019-03-07,1286.86
2019-03-08,1297.07
2019-03-11,1292.94
2019-03-12,1297.26
2019-03-13,1308.06
2019-03-14,1295.37
2019-03-15,1301.89
2019-03-18,1303.95
2019-03-19,1307.81
2019-03-20,1300.39
2019-03-21,1310.25
2019-03-22,1313.41
2019-03-25,1321.56
2019-03-26,1314.22
2019-03-27,1311.53
2019-03-28,1292.23
2019-03-29,1295.55
2019-04-01,1290.64
2019-04-02,1290.18
2019-04-03,1290.27
2019-04-04,1287.79
2019-04-05,1292.07
2019-04-08,1297.69
2019-04-09,1306.15
2019-04-10,1307.98
2019-04-11,1294.88
2019-04-12,1291.38
2019-04-15,1288.95
2019-04-16,1275.65
2019-04-17,1274.32
2019-04-18,1273.86
2019-04-22,1274.28
2019-04-23,1271.83
2019-04-24,1277.42
2019-04-25,1278.23
2019-04-26,1287.87
2019-04-29,1278.46
2019-04-30,1283.75
2019-05-01,1281.8
2019-05-02,1271.49
2019-05-03,1279.116
2019-05-06,1280.68
2019-05-07,1284.14
2019-05-08,1281.35
2019-05-09,1285.43
2019-05-10,1288.88
2019-05-13,1297.88
2019-05-14,1294.5
2019-05-15,1296.2
2019-05-16,1285.24
2019-05-17,1277.03
2019-05-20,1277.11
2019-05-21,1273.56
2019-05-22,1276.12
2019-05-23,1286.38
2019-05-24,1283.98
2019-05-27,1284.97
2019-05-28,1279.43
2019-05-29,1283.34
2019-05-30,1287.5
2019-05-31,1301.92
2019-06-03,1319.34
2019-06-04,1322.47
2019-06-05,1328.56
2019-06-06,1338.45
2019-06-07,1339.64
2019-06-10,1328.22
2019-06-11,1325.82
2019-06-12,1335.47
2019-06-13,1339.15
2019-06-14,1349.77
2019-06-17,1340.78
2019-06-18,1345.73
2019-06-19,1344.84
2019-06-20,1385.61
2019-06-21,1397.72
2019-06-24,1413.67
2019-06-25,1429.88
2019-06-26,1413.38
2019-06-27,1406.06
2019-06-28,1411.55
2019-07-01,1389.46
2019-07-02,1403.53
2019-07-03,1418.01
2019-07-04,1415.75
2019-07-05,1396.81
2019-07-08,1394.61
2019-07-09,1397.64
2019-07-10,1409.88
2019-07-11,1412.12
2019-07-12,1408.07
2019-07-15,1412.59
2019-07-16,1404.91
2019-07-17,1423.55
2019-07-18,1428.31
2019-07-19,1425.22
2019-07-22,1425.41
2019-07-23,1417.68
2019-07-24,1425.71
2019-07-25,1414.43
2019-07-26,1418.75
2019-07-29,1420.96
2019-07-30,1427.76
2019-07-31,1428.13
2019-08-01,1415.53
2019-08-02,1446.39
2019-08-05,1464.03
2019-08-06,1469.19
2019-08-07,1506.86
2019-08-08,1497.36
2019-08-09,1503.44
2019-08-12,1506.19
2019-08-13,1502.19
2019-08-14,1516.21
2019-08-15,1523.14
2019-08-16,1513.37
2019-08-19,1495.77
2019-08-20,1507.05
2019-08-21,1502.5
2019-08-22,1497.91
2019-08-23,1526.81
2019-08-26,1527.16
2019-08-27,1542.66
2019-08-28,1538.86
2019-08-29,1527.48
2019-08-30,1520.23
2019-09-02,1529.23
2019-09-03,1546.95
2019-09-04,1552.4
2019-09-05,1518.9
2019-09-06,1506.67
2019-09-09,1498.98
2019-09-10,1485.63
2019-09-11,1497.05
2019-09-12,1499.11
2019-09-13,1488.38
2019-09-16,1498.28
2019-09-17,1501.23
2019-09-18,1493.85
2019-09-19,1498.88
2019-09-20,1516.75
2019-09-23,1522.09
2019-09-24,1531.72
2019-09-25,1503.9
2019-09-26,1504.63
2019-09-27,1496.86
2019-09-30,1472.35
2019-10-01,1478.99
2019-10-02,1499.31
2019-10-03,1505.04
2019-10-04,1504.51
2019-10-07,1493.35
2019-10-08,1505.36
2019-10-09,1505.42
2019-10-10,1493.85
2019-10-11,1488.86
2019-10-14,1493.06
2019-10-15,1480.86
2019-10-16,1489.98
2019-10-17,1491.72
2019-10-18,1489.9
2019-10-21,1484.35
2019-10-22,1487.53
2019-10-23,1491.97
2019-10-24,1503.83
2019-10-25,1504.48
2019-10-28,1491.94
2019-10-29,1487.07
2019-10-30,1495.58
2019-10-31,1512.17
2019-11-01,1514.19
2019-11-04,1509.67
2019-11-05,1483.46
2019-11-06,1490.42
2019-11-07,1468.33
2019-11-08,1458.85
2019-11-11,1455.71
2019-11-12,1456.17
2019-11-13,1463.43
2019-11-14,1471.25
2019-11-15,1468.06
2019-11-18,1471.36
2019-11-19,1472.31
2019-11-20,1471.46
2019-11-21,1464.26
2019-11-22,1461.78
2019-11-25,1455.11
2019-11-26,1461.23
2019-11-27,1454.29
2019-11-28,1459.67
2019-11-29,1463.9
2019-12-02,1462.29
2019-12-03,1477.46
2019-12-04,1474.44
2019-12-05,1475.85
2019-12-06,1460.02
2019-12-09,1461.53
2019-12-10,1464.24
2019-12-11,1474.73
2019-12-12,1469.65
2019-12-13,1476.18
2019-12-16,1476.03
2019-12-17,1476.07
2019-12-18,1475.25
2019-12-19,1478.65
2019-12-20,1481.49
2019-12-23,1485.64
2019-12-24,1499.49
2019-12-26,1511.38
2019-12-27,1510.41
2019-12-30,1515.01
2019-12-31,1517.23
2020-01-02,1528.98
2020-01-03,1552.05
2020-01-06,1565.59
2020-01-07,1574.22
2020-01-08,1556.26
2020-01-09,1552.17
2020-01-10,1562.19
2020-01-13,1547.73
2020-01-14,1546.24
2020-01-15,1556.1
2020-01-16,1552.36
2020-01-17,1557.09
2020-01-20,1560.66
2020-01-21,1558.02
2020-01-22,1558.63
2020-01-23,1562.79
2020-01-24,1571.38
2020-01-27,1581.91
2020-01-28,1567.02
2020-01-29,1576.68
2020-01-30,1574.13
2020-01-31,1589.01
2020-02-03,1576.55
2020-02-04,1552.77
2020-02-05,1555.87
2020-02-06,1566.51
2020-02-07,1570.29
2020-02-10,1572.0
2020-02-11,1567.74
2020-02-12,1565.91
2020-02-13,1575.85
2020-02-14,1583.91
2020-02-17,1581.04
2020-02-18,1601.46
2020-02-19,1611.55
2020-02-20,1619.41
2020-02-21,1643.26
2020-02-24,1659.23
2020-02-25,1634.99
2020-02-26,1640.82
2020-02-27,1644.86
2020-02-28,1585.54
2020-03-02,1589.29
2020-03-03,1640.75
2020-03-04,1636.78
2020-03-05,1672.08
2020-03-06,1673.68
2020-03-09,1680.32
2020-03-10,1649.25
2020-03-11,1634.89
2020-03-12,1576.0
2020-03-13,1529.68
2020-03-16,1513.95
2020-03-17,1528.15
2020-03-18,1485.9
2020-03-19,1471.1
2020-03-20,1498.5
2020-03-23,1553.09
2020-03-24,1632.17
2020-03-25,1616.75
2020-03-26,1631.19
2020-03-27,1628.01
2020-03-30,1622.42
2020-03-31,1576.19
2020-04-01,1589.43
2020-04-02,1614.1
2020-04-03,1621.1
2016-01-25,1106.56
2016-01-26,1116.65
2016-01-27,1116.72
2016-01-28,1115.45
2020-04-06,1666.37
2020-04-07,1657.6
2020-04-08,1645.55
2020-04-09,1683.58
2020-04-13,1715.19
2020-04-14,1721.41
2020-04-15,1716.88
2020-04-16,1717.55
2020-04-17,1682.67
2020-04-20,1695.5
2020-04-21,1686.05
2020-04-22,1713.93
2020-04-23,1730.36
2020-04-24,1729.45
2020-04-27,1713.84
2020-04-28,1704.11
2020-04-29,1713.26
2020-04-30,1686.35
2020-05-01,1700.27
2020-05-04,1701.92
2020-05-05,1705.77
2020-05-06,1685.56
2020-05-07,1715.91
2020-05-08,1702.55
2020-05-11,1697.8
2020-05-12,1702.55
2020-05-13,1716.13
2020-05-14,1730.15
2020-05-15,1743.52
2020-05-18,1732.4
2020-05-19,1744.9
2020-05-20,1749.39
2020-05-21,1726.85
2020-05-22,1734.53
2020-05-25,1728.11
2020-05-26,1710.43
2020-05-27,1709.32
2020-05-28,1718.18
2020-05-29,1730.12
2020-06-01,1739.4
2020-06-02,1727.56
2020-06-03,1699.52
2020-06-04,1713.86
2020-06-05,1684.91
2020-06-08,1698.38
2020-06-09,1715.18
2020-06-10,1738.55
2020-06-11,1727.55
2020-06-12,1730.6
2020-06-15,1725.01
2020-06-16,1726.38
2020-06-17,1726.8
2020-06-18,1722.78
2020-06-19,1743.72
2020-06-22,1754.28
2020-06-23,1768.26
2020-06-24,1761.02
2020-06-25,1763.64
2020-06-26,1771.14
2020-06-29,1772.67
2020-06-30,1780.81
2020-07-01,1769.94
2020-07-02,1775.23
2020-07-03,1775.17
2020-07-06,1784.53
2020-07-07,1794.71
2020-07-08,1808.74
2020-07-09,1803.4
2020-07-10,1798.55
2020-07-13,1802.61
2020-07-14,1809.21
2020-07-15,1810.14
2020-07-16,1797.01
2020-07-17,1810.27
2020-07-20,1817.62
2020-07-21,1841.76
2020-07-22,1871.26
2020-07-23,1887.29
2020-07-24,1901.69
2020-07-27,1942.09
2020-07-28,1958.28
2020-07-29,1970.64
2020-07-30,1956.49
2020-07-31,1975.71
2020-08-03,1976.83
2020-08-04,2019.08
2020-08-05,2037.97
2020-08-06,2062.384
2020-08-07,2034.616
2020-08-10,2027.07
2020-08-11,1911.5
2020-08-12,1916.09
2020-08-13,1953.33
2020-08-14,1943.888
2020-08-17,1984.6
2020-08-18,2002.08
2020-08-19,1928.42
2020-08-20,1946.3
2020-08-21,1939.946
2020-08-24,1928.54
2020-08-25,1927.766
2020-08-26,1954.2
2020-08-27,1929.54
2020-08-28,1964.554
2020-08-31,1967.3
2020-09-01,1969.908
2020-09-02,1942.09
2020-09-03,1930.21
2020-09-04,1933.768
2020-09-07,1928.2
2020-09-08,1930.966
2020-09-09,1946.3
2020-09-10,1945.845
2020-09-11,1939.685
2020-09-14,1956.0
2020-09-15,1954.09
2020-09-16,1958.7
2020-09-17,1943.42
2020-09-18,1949.161
2020-09-21,1911.6
2020-09-22,1899.6
2020-09-23,1863.138
2020-09-24,1867.418
2020-09-25,1861.205
2020-09-28,1881.149
2020-09-29,1897.3
2020-09-30,1885.76
2020-10-01,1905.54
2020-10-02,1898.379
2020-10-05,1912.78
2020-10-06,1877.83
2020-10-07,1886.8
2020-10-08,1893.59
2020-10-09,1929.853
2020-10-12,1922.388
2020-10-13,1890.92
2020-10-14,1901.328
2020-10-15,1908.125
2020-10-16,1899.067
2020-10-19,1904.017
2020-10-20,1906.16
2020-10-21,1924.214
2020-10-22,1903.894
2020-10-23,1901.112
2020-10-26,1901.69
2020-10-27,1907.778
2020-10-28,1876.33
2020-10-29,1867.418
2020-10-30,1878.989
2020-11-02,1895.1
2020-11-03,1909.04
2020-11-04,1902.751
2020-11-05,1948.87
2020-11-06,1950.784
2020-11-09,1862.465
2020-11-10,1876.54
2020-11-11,1865.215
2020-11-12,1876.674
2020-11-13,1889.2
2020-11-16,1888.31
2020-11-17,1879.958
2020-11-18,1872.1
2020-11-19,1865.635
2020-11-20,1870.798
2020-11-23,1837.235
2020-11-24,1807.05
2020-11-25,1807.5
2020-11-26,1809.719
2020-11-27,1786.13
2020-11-30,1776.7
2020-12-01,1814.995
2020-12-02,1830.258
2020-12-03,1840.75
2020-12-04,1838.233
2020-12-07,1862.58
2020-12-08,1870.41
2020-12-09,1839.4
2020-12-10,1836.42
2020-12-11,1839.7
2020-12-14,1827.2
2020-12-15,1853.49
2020-12-16,1864.65
2020-12-17,1885.27
2020-12-18,1881.2
2020-12-21,1876.74
2020-12-22,1860.69
2020-12-23,1872.74
2020-12-24,1879.25
2020-12-28,1873.42
2020-12-29,1877.45
2020-12-30,1894.25
2020-12-31,1898.0
2021-01-04,1942.82
2021-01-05,1949.48
2021-01-06,1918.238
2021-01-07,1913.22
2021-01-08,1848.35
2021-01-11,1843.1
2021-01-12,1854.465
2021-01-13,1844.825
2021-01-14,1845.867
2021-01-15,1827.868
2021-01-18,1837.33
2021-01-19,1839.8
2021-01-20,1871.91
2021-01-21,1869.715
2021-01-22,1855.182
2021-01-25,1855.6
2021-01-26,1850.32
2021-01-27,1843.73
2021-01-28,1842.325
2021-01-29,1847.013
2021-02-01,1860.18
2021-02-02,1837.58
2021-02-03,1833.705
2021-02-04,1793.69
2021-02-05,1813.934
2021-02-08,1830.3
2021-02-09,1837.79
2021-02-10,1842.7
2021-02-11,1825.225
2021-02-12,1823.925
2021-02-15,1818.49
2021-02-16,1794.448
2021-02-17,1776.24
2021-02-18,1775.59
2021-02-19,1784.215
2021-02-22,1809.2
2021-02-23,1805.08
2021-02-24,1804.85
2021-02-25,1769.789
2021-02-26,1733.39
2021-03-01,1724.388
2021-03-02,1738.0
2021-03-03,1710.54
2021-03-04,1697.266
2021-03-05,1699.976
2021-03-08,1682.6
2021-03-09,1715.73
2021-03-10,1726.37
2021-03-11,1722.059
2021-03-12,1726.689
2021-03-15,1730.578
2021-03-16,1730.72
2021-03-17,1727.864
2021-03-18,1731.31
2021-03-19,1741.92
2021-03-22,1740.329
2021-03-23,1726.92
2021-03-24,1733.93
2021-03-25,1728.26
2021-03-26,1731.9
2021-03-29,1711.724
2021-03-30,1686.947
2021-03-31,1707.07
2021-04-01,1729.789
2021-04-02,1728.84
2021-04-05,1728.058
2021-04-06,1743.006
2021-04-07,1737.3
2021-04-08,1755.236
2021-04-09,1743.649
2021-04-12,1732.6
2021-04-13,1745.119
2021-04-14,1735.886
2021-04-15,1763.5
2021-04-16,1776.486
2021-04-19,1771.098
2021-04-20,1778.558
2021-04-21,1793.3
2021-04-22,1783.6
2021-04-23,1776.408
2021-04-26,1780.995
2021-04-27,1776.66
2021-04-28,1781.19
2021-04-29,1771.7
2021-04-30,1768.82
2021-05-03,1792.68
2021-05-04,1778.36
2021-05-05,1786.414
2021-05-06,1815.04
2021-05-07,1830.66
2021-05-10,1835.7
2021-05-11,1836.932
2021-05-12,1815.17
2021-05-13,1826.2
2021-05-14,1842.665
2021-05-17,1866.5
2021-05-18,1868.978
2021-05-19,1869.5
2021-05-20,1877.01
2021-05-21,1880.815
2021-05-24,1880.4
2021-05-25,1898.698
2021-05-26,1896.3
2021-05-27,1896.0
2021-05-28,1903.318
2021-05-31,1906.62
2021-06-01,1900.088
2021-06-02,1907.734
2021-06-03,1870.548
2021-06-04,1890.585
2021-06-07,1898.8
2021-06-08,1892.4
2021-06-09,1888.385
2021-06-10,1897.948
2021-06-11,1876.727
2021-06-14,1865.8
2021-06-15,1858.8
2021-06-16,1811.518
2021-06-17,1773.378
2021-06-18,1763.859
2021-06-21,1782.92
2021-06-22,1778.35
2021-06-23,1778.5
2021-06-24,1775.01
2021-06-25,1781.61
2021-06-28,1778.0
2021-06-29,1760.918
2021-06-30,1769.898
2021-07-01,1776.81
2021-07-02,1786.2
2021-07-05,1791.6
2021-07-06,1796.768
2021-07-07,1803.328
2021-07-08,1802.4
2021-07-09,1808.07
2021-07-12,1805.8
2021-07-13,1807.56
2021-07-14,1827.1
2021-07-15,1829.1
2021-07-16,1811.96
2021-07-19,1812.2
2021-07-20,1810.31
2021-07-21,1803.278
2021-07-22,1806.66
2021-07-23,1801.78
2021-07-26,1797.36
2021-07-27,1798.69
2021-07-28,1806.83
2021-07-29,1827.6
2021-07-30,1813.86
2021-08-02,1813.355
2021-08-03,1810.29
2021-08-04,1811.63
2021-08-05,1804.31
2021-08-06,1762.88
2021-08-09,1729.79
2021-08-10,1728.79
2021-08-11,1751.55
2021-08-12,1752.75
2021-08-13,1779.6
2021-08-16,1787.3
2021-08-17,1786.04
2021-08-18,1787.67
2021-08-19,1780.23
2021-08-20,1780.96
2021-08-23,1805.31
2021-08-24,1802.75
2021-08-25,1790.85
2021-08-26,1792.29
2021-08-27,1817.42
2021-08-30,1810.19
2021-08-31,1813.47
2021-09-01,1813.75
2021-09-02,1809.53
2021-09-03,1827.59
2021-09-06,1823.22
2021-09-07,1794.15
2021-09-08,1789.11
2021-09-09,1794.43
2021-09-10,1787.43
2021-09-13,1793.58
2021-09-14,1804.36
2021-09-15,1793.91
2021-09-16,1753.62
2021-09-17,1754.19
2021-09-20,1764.01
2021-09-21,1774.36
2021-09-22,1768.03
2021-09-23,1742.61
2021-09-24,1750.27
2021-09-27,1750.01
2021-09-28,1733.86
2021-09-29,1726.25
2021-09-30,1756.8
2021-10-01,1760.83
2021-10-04,1769.48
2021-10-05,1760.03
2021-10-06,1762.69
2021-10-07,1755.63
2021-10-08,1756.98
2021-10-11,1754.0
2021-10-12,1760.14
2021-10-13,1792.82
2021-10-14,1795.69
2021-10-15,1767.47
2021-10-18,1764.71
2021-10-19,1769.14
2021-10-20,1781.98
2021-10-21,1782.75
2021-10-22,1792.5
2021-10-25,1807.58
2021-10-26,1792.75
2021-10-27,1796.7
2021-10-28,1798.76
2021-10-29,1783.23
2021-11-01,1793.13
2021-11-02,1787.61
2021-11-03,1769.67
2021-11-04,1791.89
2021-11-05,1818.21
2021-11-08,1823.91
2021-11-09,1831.73
2021-11-10,1849.45
2021-11-11,1861.96
2021-11-12,1864.75
2021-11-15,1862.69
2021-11-16,1850.48
2021-11-17,1867.33
2021-11-18,1858.8
2021-11-19,1845.59
2021-11-22,1804.51
2021-11-23,1789.01
2021-11-24,1788.47
2021-11-25,1788.46
2021-11-26,1792.15
2021-11-29,1784.45
2021-11-30,1774.37
2021-12-01,1781.58
2021-12-02,1768.6
2021-12-03,1783.14
2021-12-06,1778.52
2021-12-07,1783.98
2021-12-08,1782.84
2021-12-09,1775.18
2021-12-10,1782.69
2021-12-13,1786.51
2021-12-14,1770.7
2021-12-15,1776.76
2021-12-16,1799.2
2021-12-17,1797.96
2021-12-20,1790.78
2021-12-21,1789.12
2021-12-22,1803.52
2021-12-23,1808.65
2021-12-24,1807.85
2021-12-27,1811.97
2021-12-28,1806.03
2021-12-29,1804.56
2021-12-30,1814.52
2021-12-31,1829.05
2022-01-03,1801.3
2022-01-04,1814.45
2022-01-05,1810.26
2022-01-06,1791.03
2022-01-07,1796.4
2022-01-10,1801.53
2022-01-11,1821.51
2022-01-12,1826.0
2022-01-13,1822.39
2022-01-14,1817.79
2022-01-17,1819.22
2022-01-18,1813.58
2022-01-19,1840.39
2022-01-20,1839.13
2022-01-21,1835.23
2022-01-24,1842.91
2022-01-25,1847.88
2022-01-26,1819.44
2022-01-27,1797.28
2022-01-28,1791.38
2022-01-31,1797.02
2022-02-01,1801.04
2022-02-02,1806.67
2022-02-03,1804.7
2022-02-04,1808.13
2022-02-07,1820.32
2022-02-08,1825.77
2022-02-09,1833.21
2022-02-10,1826.67
2022-02-11,1858.61
2022-02-14,1871.03
2022-02-15,1853.46
2022-02-16,1869.65
2022-02-17,1898.28
2022-02-18,1898.28
2022-02-21,1906.027
2022-02-22,1898.49
2022-02-23,1909.03
2022-02-24,1903.27
2022-02-25,1888.57
2022-02-28,1908.68
2022-03-01,1944.99
2022-03-02,1928.25
2022-03-03,1935.728
2022-03-04,1969.87
2022-03-07,1997.65
2022-03-08,2050.059
2022-03-09,1990.93
2022-03-10,1996.53
2022-03-11,1987.77
2022-03-14,1950.7
2022-03-15,1917.7
2022-03-16,1926.7
2022-03-17,1942.49
2022-03-18,1921.41
2022-03-21,1935.51
2022-03-22,1921.367
2022-03-23,1943.7
2022-03-24,1957.2
2022-03-25,1957.94
2022-03-28,1922.58
2022-03-29,1919.26
2022-03-30,1932.4
2022-03-31,1937.05
2022-04-01,1925.0
2022-04-04,1932.441
2022-04-05,1923.467
2022-04-06,1924.9
2022-04-07,1931.27
2022-04-08,1947.348
2022-04-11,1953.441
2022-04-12,1966.616
2022-04-13,1977.671
2022-04-14,1973.516
2022-04-15,1972.47
2022-04-18,1978.5
2022-04-19,1949.92
2022-04-20,1957.4
2022-04-21,1951.0
2022-04-22,1930.998
2022-04-25,1897.5
2022-04-26,1905.197
2022-04-27,1885.758
2022-04-28,1894.267
2022-04-29,1896.767
2022-05-02,1862.817
2022-05-03,1867.986
2022-05-04,1880.898
2022-05-05,1876.928
2022-05-06,1883.381
2022-05-09,1853.923
2022-05-10,1837.8
2022-05-11,1852.332
2022-05-12,1821.2
2022-05-13,1811.842
2022-05-16,1823.698
2022-05-17,1814.81
2022-05-18,1816.23
2022-05-19,1841.76
2022-05-20,1845.46
2022-05-23,1853.39
2022-05-24,1866.42
2022-05-25,1853.18
2022-05-26,1850.42
2022-05-27,1853.53
2022-05-30,1853.81
2022-05-31,1836.94
2022-06-01,1846.09
2022-06-02,1868.24
2022-06-03,1851.23
2022-06-06,1840.99
2022-06-07,1852.21
2022-06-08,1853.28
2022-06-09,1847.9
2022-06-10,1871.39
2022-06-13,1819.31
2022-06-14,1808.03
2022-06-15,1833.51
2022-06-16,1856.92
2022-06-17,1841.5
2022-06-20,1838.36
2022-06-21,1832.81
2022-06-22,1837.46
2022-06-23,1822.46
2022-06-24,1826.59
2022-06-27,1822.63
2022-06-28,1819.75
2022-06-29,1817.57
2022-06-30,1807.17
2022-07-01,1807.29
2022-07-04,1807.46
2022-07-05,1764.7
2022-07-06,1738.56
2022-07-07,1740.04
2022-07-08,1741.61
2022-07-11,1733.95
2022-07-12,1725.77
2022-07-13,1735.35
2022-07-14,1709.48
2022-07-15,1706.27
2022-07-18,1708.91
2022-07-19,1711.47
2022-07-20,1696.24
2022-07-21,1718.45
2022-07-22,1726.92
2022-07-25,1719.52
2022-07-26,1716.99
2022-07-27,1733.77
2022-07-28,1755.58
2022-07-29,1765.63
2022-08-01,1772.18
2022-08-02,1759.98
2022-08-03,1764.65
2022-08-04,1790.8
2022-08-05,1774.48
2022-08-08,1788.89
2022-08-09,1793.92
2022-08-10,1792.15
2022-08-11,1789.68
2022-08-12,1800.85
2022-08-15,1779.49
2022-08-16,1775.45
2022-08-17,1761.42
2022-08-18,1758.25
2022-08-19,1747.44
2022-08-22,1736.2
2022-08-23,1747.79
2022-08-24,1750.75
2022-08-25,1758.51
2022-08-26,1738.37
2022-08-29,1736.75
2022-08-30,1723.94
2022-08-31,1711.25
2022-09-01,1697.58
2022-09-02,1711.57
2022-09-05,1708.54
2022-09-06,1701.97
2022-09-07,1718.05
2022-09-08,1708.35
2022-09-09,1715.96
2022-09-12,1724.29
2022-09-13,1701.9
2022-09-14,1697.32
2022-09-15,1664.98
2022-09-16,1674.71
2022-09-19,1675.65
2022-09-20,1664.69
2022-09-21,1673.68
2022-09-22,1670.66
2022-09-23,1643.61
2022-09-26,1621.65
2022-09-27,1628.76
2022-09-28,1659.57
2022-09-29,1660.32
2022-09-30,1662.11
2022-10-03,1699.63
2022-10-04,1725.95
2022-10-05,1715.87
2022-10-06,1712.38
2022-10-07,1695.11
2022-10-10,1668.61
2022-10-11,1666.18
2022-10-12,1673.06
2022-10-13,1666.4
2022-10-14,1643.23
2022-10-17,1649.97
2022-10-18,1651.84
2022-10-19,1629.03
2022-10-20,1627.74
2022-10-21,1655.96
2022-10-24,1649.38
2022-10-25,1652.93
2022-10-26,1664.45
2022-10-27,1662.9
2022-10-28,1644.97
2022-10-31,1633.4
2022-11-01,1647.79
2022-11-02,1635.07
2022-11-03,1629.24
2022-11-04,1681.03
2022-11-07,1675.46
2022-11-08,1712.13
2022-11-09,1706.7
2022-11-10,1755.53
2022-11-11,1770.53
2022-11-14,1771.24
2022-11-15,1778.51
2022-11-16,1773.63
2022-11-17,1760.01
2022-11-18,1749.65
2022-11-21,1737.83
2022-11-22,1739.89
2022-11-23,1749.22
2022-11-24,1755.27
2022-11-25,1753.02
2022-11-28,1741.24
2022-11-29,1749.55
2022-11-30,1768.2
2022-12-01,1802.7
2022-12-02,1797.71
2022-12-05,1768.59
2022-12-06,1770.72
2022-12-07,1785.88
2022-12-08,1788.97
2022-12-09,1797.07
2022-12-12,1781.09
2022-12-13,1810.77
2022-12-14,1807.23
2022-12-15,1776.61
2022-12-16,1792.75
2022-12-19,1787.59
2022-12-20,1817.87
2022-12-21,1814.19
2022-12-22,1792.36
2022-12-23,1797.61
2022-12-27,1813.61
2022-12-28,1804.15
2022-12-29,1814.78
2022-12-30,1823.21
2023-01-03,1838.98
2023-01-04,1854.21
2023-01-05,1832.53
2023-01-06,1866.37
2023-01-09,1871.6
2023-01-10,1876.9
2023-01-11,1875.48
2023-01-12,1897.02
2023-01-13,1920.02
2023-01-16,1919.39
2023-01-17,1908.53
2023-01-18,1903.95
2023-01-19,1932.14
2023-01-20,1926.47
2023-01-23,1930.97
2023-01-24,1937.3
2023-01-25,1945.74
2023-01-26,1929.06
2023-01-27,1928.39
2023-01-30,1923.06
2023-01-31,1928.27
2023-02-01,1950.32
2023-02-02,1911.58
2023-02-03,1865.26
2023-02-06,1867.25
2023-02-07,1871.8
2023-02-08,1875.32
2023-02-09,1861.64
2023-02-10,1865.15
2023-02-13,1853.47
2023-02-14,1854.15
2023-02-15,1835.82
2023-02-16,1836.32
2023-02-17,1841.8
2023-02-20,1841.3
2023-02-21,1834.97
2023-02-22,1825.23
2023-02-23,1822.17
2023-02-24,1810.96
2023-02-27,1817.0
2023-02-28,1826.75
2023-03-01,1836.5
2023-03-02,1835.65
2023-03-03,1847.23
2023-03-06,1846.69
2023-03-07,1813.47
2023-03-08,1813.82
2023-03-09,1830.85
2023-03-10,1866.67
2023-03-13,1913.36
2023-03-14,1903.87
2023-03-15,1918.39
2023-03-16,1919.16
2023-03-17,1983.47
2023-03-20,1978.77
2023-03-21,1940.02
2023-03-22,1969.65
2023-03-23,1993.16
2023-03-24,1979.1
2023-03-27,1956.43
2023-03-28,1973.69
2023-03-29,1964.33
2023-03-30,1980.3
2023-03-31,1969.46
2023-04-03,1984.51
2023-04-04,2020.17
2023-04-05,2020.58
2023-04-06,2007.67
2023-04-10,1991.31
2023-04-11,2003.41
2023-04-12,2014.76
2023-04-13,2040.29
2023-04-14,2004.16
2023-04-17,1994.94
2023-04-18,2005.26
2023-04-19,1994.92
2023-04-20,2004.68
2023-04-21,1982.52
2023-04-24,1988.95
2023-04-25,1997.14
2023-04-26,1988.91
2023-04-27,1987.62
2023-04-28,1989.47
2023-05-01,1982.45
2023-05-02,2016.55
2023-05-03,2038.77
2023-05-04,2050.21
2023-05-05,2016.37
2023-05-08,2021.12
2023-05-09,2034.33
2023-05-10,2030.14
2023-05-11,2014.85
2023-05-12,2011.23
2023-05-15,2016.31
2023-05-16,1989.13
2023-05-17,1981.5
2023-05-18,1957.5
2023-05-19,1977.13
2023-05-22,1971.75
2023-05-23,1975.05
2023-05-24,1956.75
2023-05-25,1941.0
2023-05-26,1946.7
2023-05-29,1944.55
2023-05-30,1959.17
2023-05-31,1962.47
2023-06-01,1977.26
2023-06-02,1948.15
2023-06-05,1961.63
2023-06-06,1963.15
2023-06-07,1939.73
2023-06-08,1965.38
2023-06-09,1960.38
2023-06-12,1957.26
2023-06-13,1943.32
2023-06-14,1941.67
2023-06-15,1957.81
2023-06-16,1957.28
2023-06-19,1950.33
2023-06-20,1936.04
2023-06-21,1932.58
2023-06-22,1913.61
2023-06-23,1921.29
2023-06-26,1923.0
2023-06-27,1913.47
2023-06-28,1907.27
2023-06-29,1908.09
2023-06-30,1919.04
2023-07-03,1921.33
2023-07-04,1925.74
2023-07-05,1925.72
