,50_9,50_10,50_11,50_close
2016-01-04,0.0,0.0,0.0,2270.4609
2016-01-05,0.0,0.0,0.0,2288.1127
2016-01-06,0.0,0.0,0.0,2317.6465
2016-01-07,1.0,0.0,0.0,2180.5889
2016-01-08,0.0,1.0,0.0,2219.6119
2016-01-11,0.0,0.0,1.0,2120.2342
2016-01-12,0.0,0.0,0.0,2131.3679
2016-01-13,0.0,0.0,0.0,2105.5066
2016-01-14,0.0,0.0,0.0,2132.0757
2016-01-15,0.0,0.0,0.0,2070.9283
2016-01-18,0.0,0.0,0.0,2069.2746
2016-01-19,0.0,0.0,0.0,2128.5743
2016-01-20,0.0,0.0,0.0,2088.7229
2016-01-21,0.0,0.0,0.0,2040.9775
2016-01-22,0.0,0.0,0.0,2061.9621
2016-01-25,0.0,0.0,0.0,2065.4437
2016-01-26,0.0,0.0,0.0,1951.6136
2016-01-27,0.0,0.0,0.0,1953.4647
2016-01-28,0.0,0.0,0.0,1912.7205
2016-01-29,0.0,0.0,0.0,1973.0052
2016-02-01,1.0,0.0,0.0,1937.0729
2016-02-02,0.0,0.0,0.0,1969.6161
2016-02-03,0.0,0.0,0.0,1952.3665
2016-02-04,0.0,0.0,0.0,1974.2364
2016-02-05,0.0,0.0,0.0,1967.2595
2016-02-15,0.0,0.0,0.0,1948.2752
2016-02-16,0.0,0.0,0.0,2000.9027
2016-02-17,0.0,0.0,0.0,2014.4428
2016-02-18,0.0,0.0,0.0,2009.2727
2016-02-19,0.0,0.0,0.0,2004.1065
2016-02-22,0.0,0.0,0.0,2053.8631
2016-02-23,0.0,0.0,0.0,2029.5223
2016-02-24,0.0,0.0,0.0,2041.3881
2016-02-25,0.0,0.0,0.0,1932.6015
2016-02-26,0.0,0.0,0.0,1955.3953
2016-02-29,0.0,0.0,0.0,1944.6111
2016-03-01,0.0,0.0,0.0,1973.1936
2016-03-02,0.0,0.0,0.0,2043.4067
2016-03-03,0.0,0.0,0.0,2053.2726
2016-03-04,0.0,0.0,0.0,2122.2692
2016-03-07,0.0,0.0,0.0,2107.6731
2016-03-08,0.0,0.0,0.0,2115.158
2016-03-09,0.0,0.0,0.0,2111.9188
2016-03-10,0.0,0.0,0.0,2061.451
2016-03-11,0.0,0.0,0.0,2070.7239
2016-03-14,0.0,0.0,0.0,2078.4096
2016-03-15,0.0,0.0,0.0,2101.1167
2016-03-16,0.0,0.0,0.0,2136.1277
2016-03-17,0.0,0.0,0.0,2131.4813
2016-03-18,0.0,0.0,0.0,2141.177
2016-03-21,0.0,0.0,0.0,2193.3853
2016-03-22,0.0,0.0,0.0,2173.256
2016-03-23,0.0,0.0,0.0,2175.2834
2016-03-24,0.0,0.0,0.0,2137.59
2016-03-25,0.0,0.0,0.0,2149.2039
2016-03-28,0.0,0.0,0.0,2123.0349
2016-03-29,0.0,0.0,0.0,2106.8616
2016-03-30,0.0,0.0,0.0,2157.5295
2016-03-31,0.0,0.0,0.0,2156.541
2016-04-01,0.0,0.0,0.0,2167.7824
2016-04-05,0.0,0.0,0.0,2180.2624
2016-04-06,0.0,0.0,0.0,2168.0372
2016-04-07,0.0,0.0,0.0,2139.4042
2016-04-08,0.0,0.0,0.0,2123.8041
2016-04-11,0.0,0.0,0.0,2148.4394
2016-04-12,0.0,0.0,0.0,2143.8961
2016-04-13,0.0,0.0,0.0,2171.315
2016-04-14,0.0,0.0,0.0,2178.8677
2016-04-15,0.0,0.0,0.0,2182.0667
2016-04-18,0.0,0.0,0.0,2158.2302
2016-04-19,0.0,0.0,0.0,2163.607
2016-04-20,0.0,0.0,0.0,2154.8859
2016-04-21,0.0,0.0,0.0,2147.7184
2016-04-22,0.0,0.0,0.0,2157.7235
2016-04-25,0.0,0.0,0.0,2148.2801
2016-04-26,0.0,0.0,0.0,2155.7914
2016-04-27,0.0,0.0,0.0,2145.3804
2016-04-28,0.0,0.0,0.0,2142.0569
2016-04-29,0.0,0.0,0.0,2135.5087
2016-05-03,0.0,0.0,0.0,2158.2717
2016-05-04,0.0,0.0,0.0,2152.9337
2016-05-05,0.0,0.0,0.0,2152.8822
2016-05-06,0.0,0.0,0.0,2107.0089
2016-05-09,0.0,0.0,0.0,2072.467
2016-05-10,0.0,0.0,0.0,2072.3818
2016-05-11,0.0,0.0,0.0,2078.4126
2016-05-12,0.0,0.0,0.0,2084.8384
2016-05-13,0.0,0.0,0.0,2076.1879
2016-05-16,0.0,0.0,0.0,2082.6159
2016-05-17,0.0,0.0,0.0,2075.4651
2016-05-18,0.0,0.0,0.0,2078.7593
2016-05-19,0.0,0.0,0.0,2073.8041
2016-05-20,0.0,0.0,0.0,2083.1174
2016-05-23,0.0,0.0,0.0,2082.4118
2016-05-24,0.0,0.0,0.0,2066.6428
2016-05-25,0.0,0.0,0.0,2071.9071
2016-05-26,0.0,0.0,0.0,2076.1366
2016-05-27,0.0,0.0,0.0,2074.9195
2016-05-30,0.0,0.0,0.0,2092.1606
2016-05-31,0.0,0.0,0.0,2155.6557
2016-06-01,0.0,0.0,0.0,2138.9632
2016-06-02,0.0,0.0,0.0,2137.6519
2016-06-03,0.0,0.0,0.0,2152.6368
2016-06-06,0.0,0.0,0.0,2136.3228
2016-06-07,0.0,0.0,0.0,2139.069
2016-06-08,0.0,0.0,0.0,2132.963
2016-06-13,0.0,0.0,0.0,2084.3001
2016-06-14,0.0,0.0,0.0,2095.0228
2016-06-15,0.0,0.0,0.0,2106.6312
2016-06-16,0.0,0.0,0.0,2094.8146
2016-06-17,0.0,0.0,0.0,2102.2006
2016-06-20,0.0,0.0,0.0,2104.2202
2016-06-21,0.0,0.0,0.0,2104.5582
2016-06-22,0.0,0.0,0.0,2115.7685
2016-06-23,0.0,0.0,0.0,2105.5324
2016-06-24,0.0,0.0,0.0,2076.2999
2016-06-27,0.0,0.0,0.0,2095.893
2016-06-28,0.0,0.0,0.0,2102.0531
2016-06-29,0.0,0.0,0.0,2122.9696
2016-06-30,0.0,0.0,0.0,2122.633
2016-07-01,0.0,0.0,0.0,2127.0939
2016-07-04,0.0,0.0,0.0,2163.2922
2016-07-05,0.0,0.0,0.0,2168.8551
2016-07-06,0.0,0.0,0.0,2167.101
2016-07-07,0.0,0.0,0.0,2166.8843
2016-07-08,0.0,0.0,0.0,2148.7606
2016-07-11,0.0,0.0,0.0,2155.716
2016-07-12,0.0,0.0,0.0,2200.3482
2016-07-13,0.0,0.0,0.0,2197.7879
2016-07-14,0.0,0.0,0.0,2195.2265
2016-07-15,0.0,0.0,0.0,2192.3939
2016-07-18,0.0,0.0,0.0,2187.9829
2016-07-19,0.0,0.0,0.0,2175.3972
2016-07-20,0.0,0.0,0.0,2167.1205
2016-07-21,0.0,0.0,0.0,2177.7781
2016-07-22,0.0,0.0,0.0,2157.2315
2016-07-25,0.0,0.0,0.0,2159.5537
2016-07-26,0.0,0.0,0.0,2182.505
2016-07-27,0.0,0.0,0.0,2173.9725
2016-07-28,0.0,0.0,0.0,2163.8087
2016-07-29,0.0,0.0,0.0,2155.2387
2016-08-01,0.0,0.0,0.0,2147.5582
2016-08-02,0.0,0.0,0.0,2148.4547
2016-08-03,0.0,0.0,0.0,2145.7877
2016-08-04,0.0,0.0,0.0,2143.8436
2016-08-05,0.0,0.0,0.0,2148.6819
2016-08-08,0.0,0.0,0.0,2159.6726
2016-08-09,0.0,0.0,0.0,2175.345
2016-08-10,0.0,0.0,0.0,2170.1028
2016-08-11,0.0,0.0,0.0,2177.0644
2016-08-12,0.0,0.0,0.0,2222.4884
2016-08-15,0.0,0.0,0.0,2287.6559
2016-08-16,0.0,0.0,0.0,2257.6988
2016-08-17,-1.0,0.0,0.0,2253.7364
2016-08-18,0.0,-1.0,0.0,2244.7198
2016-08-19,0.0,0.0,0.0,2249.3415
2016-08-22,0.0,0.0,0.0,2237.1276
2016-08-23,0.0,0.0,0.0,2241.9516
2016-08-24,0.0,0.0,0.0,2232.2134
2016-08-25,0.0,0.0,0.0,2222.1523
2016-08-26,0.0,0.0,0.0,2219.3076
2016-08-29,0.0,0.0,0.0,2214.2593
2016-08-30,0.0,0.0,0.0,2224.0621
2016-08-31,0.0,0.0,0.0,2232.7117
2016-09-01,0.0,0.0,0.0,2220.4031
2016-09-02,0.0,0.0,0.0,2229.893
2016-09-05,0.0,0.0,0.0,2228.7184
2016-09-06,0.0,0.0,0.0,2232.4508
2016-09-07,0.0,0.0,0.0,2236.5455
2016-09-08,0.0,0.0,0.0,2236.6259
2016-09-09,0.0,0.0,0.0,2229.3097
2016-09-12,0.0,0.0,0.0,2199.9764
2016-09-13,0.0,0.0,0.0,2193.1932
2016-09-14,0.0,0.0,0.0,2176.523
2016-09-19,0.0,0.0,0.0,2189.4611
2016-09-20,0.0,0.0,0.0,2184.2066
2016-09-21,0.0,0.0,0.0,2187.1542
2016-09-22,0.0,0.0,0.0,2200.6981
2016-09-23,0.0,0.0,0.0,2196.2903
2016-09-26,0.0,0.0,0.0,2167.264
2016-09-27,0.0,0.0,0.0,2176.4476
2016-09-28,0.0,0.0,0.0,2166.7226
2016-09-29,0.0,0.0,0.0,2175.3696
2016-09-30,0.0,0.0,0.0,2177.3524
2016-10-10,0.0,0.0,0.0,2202.8725
2016-10-11,0.0,0.0,0.0,2209.2276
2016-10-12,0.0,0.0,0.0,2200.9969
2016-10-13,0.0,0.0,0.0,2202.1167
2016-10-14,0.0,0.0,0.0,2209.8145
2016-10-17,0.0,0.0,0.0,2192.8845
2016-10-18,0.0,0.0,0.0,2222.7832
2016-10-19,0.0,0.0,0.0,2221.5341
2016-10-20,0.0,0.0,0.0,2223.4242
2016-10-21,0.0,0.0,0.0,2240.7496
2016-10-24,0.0,0.0,0.0,2270.9504
2016-10-25,0.0,0.0,0.0,2266.1718
2016-10-26,0.0,0.0,0.0,2257.1164
2016-10-27,0.0,0.0,0.0,2250.2589
2016-10-28,0.0,0.0,0.0,2253.8017
2016-10-31,0.0,0.0,0.0,2250.4693
2016-11-01,0.0,0.0,0.0,2263.4785
2016-11-02,0.0,0.0,0.0,2244.7436
2016-11-03,0.0,0.0,0.0,2273.6329
2016-11-04,0.0,0.0,0.0,2271.9263
2016-11-07,0.0,0.0,0.0,2276.9543
2016-11-08,0.0,0.0,0.0,2282.4184
2016-11-09,0.0,0.0,0.0,2263.9243
2016-11-10,0.0,0.0,0.0,2289.4491
2016-11-11,0.0,0.0,0.0,2308.4288
2016-11-14,0.0,0.0,0.0,2317.7726
2016-11-15,0.0,0.0,0.0,2310.901
2016-11-16,0.0,0.0,0.0,2309.9426
2016-11-17,0.0,0.0,0.0,2316.7211
2016-11-18,0.0,0.0,0.0,2307.2741
2016-11-21,0.0,0.0,0.0,2334.6776
2016-11-22,0.0,0.0,0.0,2353.0023
2016-11-23,0.0,0.0,0.0,2360.3355
2016-11-24,0.0,0.0,0.0,2368.7336
2016-11-25,0.0,0.0,0.0,2393.9464
2016-11-28,0.0,0.0,0.0,2403.1352
2016-11-29,0.0,0.0,0.0,2441.5786
2016-11-30,0.0,0.0,0.0,2419.4136
2016-12-01,-1.0,0.0,0.0,2431.3063
2016-12-02,0.0,-1.0,0.0,2416.5077
2016-12-05,0.0,0.0,0.0,2375.2578
2016-12-06,0.0,0.0,0.0,2368.6823
2016-12-07,0.0,0.0,0.0,2376.9191
2016-12-08,0.0,0.0,0.0,2379.0013
2016-12-09,0.0,0.0,0.0,2411.3144
2016-12-12,0.0,0.0,0.0,2387.1588
2016-12-13,0.0,0.0,0.0,2372.9307
2016-12-14,0.0,0.0,0.0,2360.3788
2016-12-15,0.0,0.0,0.0,2309.8159
2016-12-16,0.0,0.0,0.0,2302.3152
2016-12-19,0.0,0.0,0.0,2291.3842
2016-12-20,0.0,0.0,0.0,2279.6828
2016-12-21,0.0,0.0,0.0,2297.3706
2016-12-22,0.0,0.0,0.0,2292.0412
2016-12-23,1.0,0.0,0.0,2278.4779
2016-12-26,0.0,0.0,0.0,2294.7094
2016-12-27,0.0,0.0,0.0,2286.9617
2016-12-28,0.0,0.0,0.0,2277.1759
2016-12-29,0.0,0.0,0.0,2275.1064
2016-12-30,0.0,0.0,0.0,2286.8984
2017-01-03,0.0,0.0,0.0,2307.8917
2017-01-04,0.0,0.0,0.0,2322.2059
2017-01-05,0.0,0.0,0.0,2322.6843
2017-01-06,0.0,0.0,0.0,2308.9363
2017-01-09,0.0,0.0,0.0,2318.3365
2017-01-10,0.0,0.0,0.0,2312.5985
2017-01-11,0.0,0.0,0.0,2300.4749
2017-01-12,0.0,0.0,0.0,2295.4033
2017-01-13,0.0,0.0,0.0,2308.0552
2017-01-16,0.0,0.0,0.0,2337.3944
2017-01-17,0.0,0.0,0.0,2329.595
2017-01-18,0.0,0.0,0.0,2342.7751
2017-01-19,0.0,0.0,0.0,2334.9572
2017-01-20,0.0,0.0,0.0,2347.1829
2017-01-23,0.0,0.0,0.0,2347.1047
2017-01-24,0.0,0.0,0.0,2352.4242
2017-01-25,0.0,0.0,0.0,2358.6974
2017-01-26,-1.0,0.0,0.0,2364.0244
2017-02-03,0.0,0.0,0.0,2339.9894
2017-02-06,0.0,0.0,0.0,2343.9673
2017-02-07,0.0,0.0,0.0,2337.5346
2017-02-08,0.0,0.0,0.0,2346.4263
2017-02-09,0.0,0.0,0.0,2354.9009
2017-02-10,0.0,0.0,0.0,2368.1834
2017-02-13,0.0,0.0,0.0,2379.3057
2017-02-14,0.0,0.0,0.0,2373.5138
2017-02-15,0.0,0.0,0.0,2372.192
2017-02-16,0.0,0.0,0.0,2376.7626
2017-02-17,0.0,0.0,0.0,2362.7086
2017-02-20,0.0,0.0,0.0,2394.1201
2017-02-21,0.0,0.0,0.0,2396.8843
2017-02-22,0.0,0.0,0.0,2398.1922
2017-02-23,0.0,0.0,0.0,2387.4172
2017-02-24,0.0,0.0,0.0,2389.8774
2017-02-27,0.0,0.0,0.0,2370.5594
2017-02-28,0.0,0.0,0.0,2370.707
2017-03-01,0.0,0.0,0.0,2371.9252
2017-03-02,0.0,0.0,0.0,2354.9134
2017-03-03,0.0,0.0,0.0,2347.1456
2017-03-06,0.0,0.0,0.0,2349.8889
2017-03-07,0.0,0.0,0.0,2356.2933
2017-03-08,0.0,0.0,0.0,2358.074
2017-03-09,0.0,0.0,0.0,2346.5527
2017-03-10,0.0,0.0,0.0,2339.2339
2017-03-13,0.0,0.0,0.0,2354.8904
2017-03-14,0.0,0.0,0.0,2354.8998
2017-03-15,0.0,0.0,0.0,2357.3071
2017-03-16,0.0,0.0,0.0,2369.194
2017-03-17,0.0,0.0,0.0,2346.9602
2017-03-20,0.0,0.0,0.0,2350.0671
2017-03-21,0.0,0.0,0.0,2357.1359
2017-03-22,0.0,0.0,0.0,2338.5468
2017-03-23,0.0,0.0,0.0,2347.4342
2017-03-24,0.0,0.0,0.0,2365.6043
2017-03-27,0.0,0.0,0.0,2364.4277
2017-03-28,0.0,0.0,0.0,2356.3135
2017-03-29,0.0,0.0,0.0,2352.6937
2017-03-30,0.0,0.0,0.0,2346.6672
2017-03-31,0.0,0.0,0.0,2359.752
2017-04-05,0.0,0.0,0.0,2384.2636
2017-04-06,0.0,0.0,0.0,2390.3893
2017-04-07,0.0,0.0,0.0,2388.2714
2017-04-10,0.0,0.0,0.0,2379.1574
2017-04-11,0.0,0.0,0.0,2382.1093
2017-04-12,0.0,0.0,0.0,2378.8628
2017-04-13,0.0,0.0,0.0,2368.1061
2017-04-14,0.0,0.0,0.0,2355.5204
2017-04-17,0.0,0.0,0.0,2357.5233
2017-04-18,0.0,0.0,0.0,2337.3507
2017-04-19,0.0,0.0,0.0,2325.0424
2017-04-20,0.0,0.0,0.0,2335.6472
2017-04-21,1.0,0.0,0.0,2347.6745
2017-04-24,0.0,0.0,0.0,2341.9296
2017-04-25,0.0,0.0,0.0,2344.741
2017-04-26,0.0,0.0,0.0,2344.5049
2017-04-27,0.0,0.0,0.0,2351.6403
2017-04-28,0.0,0.0,0.0,2347.0391
2017-05-02,0.0,0.0,0.0,2336.7917
2017-05-03,0.0,0.0,0.0,2329.7661
2017-05-04,0.0,0.0,0.0,2325.4332
2017-05-05,0.0,0.0,0.0,2320.602
2017-05-08,0.0,0.0,0.0,2326.0968
2017-05-09,0.0,0.0,0.0,2316.2944
2017-05-10,0.0,0.0,0.0,2324.9219
2017-05-11,0.0,0.0,0.0,2339.2903
2017-05-12,0.0,0.0,0.0,2375.4495
2017-05-15,0.0,0.0,0.0,2381.7516
2017-05-16,0.0,0.0,0.0,2381.317
2017-05-17,0.0,0.0,0.0,2363.5591
2017-05-18,0.0,0.0,0.0,2354.753
2017-05-19,0.0,0.0,0.0,2361.6616
2017-05-22,0.0,0.0,0.0,2381.5525
2017-05-23,0.0,0.0,0.0,2411.7999
2017-05-24,0.0,0.0,0.0,2407.5706
2017-05-25,0.0,0.0,0.0,2473.4953
2017-05-26,0.0,0.0,0.0,2471.2141
2017-05-31,0.0,0.0,0.0,2479.078
2017-06-01,0.0,0.0,0.0,2496.4482
2017-06-02,0.0,0.0,0.0,2475.4636
2017-06-05,0.0,0.0,0.0,2450.3457
2017-06-06,0.0,0.0,0.0,2466.0064
2017-06-07,0.0,0.0,0.0,2484.0334
2017-06-08,0.0,0.0,0.0,2507.0335
2017-06-09,0.0,0.0,0.0,2519.2731
2017-06-12,0.0,0.0,0.0,2521.1681
2017-06-13,0.0,0.0,0.0,2515.1427
2017-06-14,0.0,0.0,0.0,2477.3173
2017-06-15,0.0,0.0,0.0,2461.974
2017-06-16,0.0,0.0,0.0,2452.7899
2017-06-19,0.0,0.0,0.0,2484.1159
2017-06-20,0.0,0.0,0.0,2474.4253
2017-06-21,0.0,0.0,0.0,2497.2544
2017-06-22,0.0,0.0,0.0,2516.6729
2017-06-23,0.0,0.0,0.0,2529.0983
2017-06-26,0.0,0.0,0.0,2543.3213
2017-06-27,0.0,0.0,0.0,2554.6996
2017-06-28,0.0,0.0,0.0,2537.6363
2017-06-29,0.0,0.0,0.0,2552.9754
2017-06-30,0.0,0.0,0.0,2549.9676
2017-07-03,0.0,0.0,0.0,2534.3675
2017-07-04,0.0,0.0,0.0,2511.1507
2017-07-05,0.0,0.0,0.0,2548.0993
2017-07-06,0.0,0.0,0.0,2553.8793
2017-07-07,0.0,0.0,0.0,2543.6576
2017-07-10,0.0,0.0,0.0,2550.1147
2017-07-11,0.0,0.0,0.0,2570.5919
2017-07-12,0.0,0.0,0.0,2565.1428
2017-07-13,0.0,0.0,0.0,2600.9535
2017-07-14,0.0,0.0,0.0,2622.9835
2017-07-17,0.0,0.0,0.0,2631.4144
2017-07-18,-1.0,0.0,0.0,2624.3081
2017-07-19,0.0,-1.0,0.0,2657.8882
2017-07-20,0.0,0.0,0.0,2665.4483
2017-07-21,0.0,0.0,0.0,2639.2128
2017-07-24,0.0,0.0,0.0,2654.3785
2017-07-25,0.0,0.0,0.0,2643.0733
2017-07-26,0.0,0.0,0.0,2636.2005
2017-07-27,0.0,0.0,0.0,2636.6262
2017-07-28,0.0,0.0,0.0,2636.3937
2017-07-31,0.0,0.0,0.0,2638.1244
2017-08-01,0.0,0.0,0.0,2681.8054
2017-08-02,0.0,0.0,0.0,2680.6314
2017-08-03,0.0,0.0,0.0,2646.2164
2017-08-04,0.0,0.0,0.0,2627.8026
2017-08-07,0.0,0.0,0.0,2634.1759
2017-08-08,0.0,0.0,0.0,2635.1841
2017-08-09,0.0,0.0,0.0,2620.3807
2017-08-10,0.0,0.0,0.0,2611.3412
2017-08-11,0.0,0.0,0.0,2570.2565
2017-08-14,0.0,0.0,0.0,2591.4536
2017-08-15,0.0,0.0,0.0,2605.2415
2017-08-16,1.0,0.0,0.0,2595.0017
2017-08-17,0.0,0.0,0.0,2604.0837
2017-08-18,0.0,0.0,0.0,2613.2647
2017-08-21,0.0,0.0,0.0,2616.8248
2017-08-22,0.0,0.0,0.0,2643.5032
2017-08-23,0.0,0.0,0.0,2659.7804
2017-08-24,0.0,0.0,0.0,2646.4016
2017-08-25,0.0,0.0,0.0,2706.2421
2017-08-28,0.0,0.0,0.0,2736.4617
2017-08-29,-1.0,0.0,0.0,2739.129
2017-08-30,0.0,-1.0,0.0,2728.2308
2017-08-31,0.0,0.0,0.0,2714.6313
2017-09-01,0.0,0.0,0.0,2710.1186
2017-09-04,0.0,0.0,0.0,2711.3475
2017-09-05,0.0,0.0,0.0,2729.8476
2017-09-06,0.0,0.0,0.0,2714.3309
2017-09-07,0.0,0.0,0.0,2691.829
2017-09-08,0.0,0.0,0.0,2686.6899
2017-09-11,0.0,0.0,0.0,2674.7502
2017-09-12,0.0,0.0,0.0,2692.5401
2017-09-13,0.0,0.0,0.0,2687.6707
2017-09-14,0.0,0.0,0.0,2672.8364
2017-09-15,0.0,0.0,0.0,2668.3759
2017-09-18,1.0,0.0,0.0,2674.1759
2017-09-19,0.0,1.0,0.0,2670.6914
2017-09-20,0.0,0.0,1.0,2662.6266
2017-09-21,0.0,0.0,0.0,2675.5508
2017-09-22,0.0,0.0,0.0,2679.0529
2017-09-25,0.0,0.0,0.0,2680.6516
2017-09-26,0.0,0.0,0.0,2678.9912
2017-09-27,0.0,0.0,0.0,2661.5532
2017-09-28,0.0,0.0,0.0,2661.2832
2017-09-29,0.0,0.0,0.0,2672.3272
2017-10-09,0.0,0.0,0.0,2692.0769
2017-10-10,0.0,0.0,0.0,2695.5374
2017-10-11,0.0,0.0,0.0,2707.5221
2017-10-12,0.0,0.0,0.0,2718.3508
2017-10-13,0.0,0.0,0.0,2713.3767
2017-10-16,0.0,0.0,0.0,2726.6423
2017-10-17,0.0,0.0,0.0,2723.5345
2017-10-18,0.0,0.0,0.0,2753.0105
2017-10-19,-1.0,0.0,0.0,2756.0354
2017-10-20,0.0,-1.0,0.0,2737.6411
2017-10-23,0.0,0.0,0.0,2734.3683
2017-10-24,0.0,0.0,0.0,2753.6492
2017-10-25,0.0,0.0,0.0,2752.1394
2017-10-26,0.0,0.0,0.0,2771.0435
2017-10-27,0.0,0.0,0.0,2814.272
2017-10-30,0.0,0.0,0.0,2809.1069
2017-10-31,0.0,0.0,0.0,2793.7119
2017-11-01,0.0,0.0,0.0,2789.4022
2017-11-02,0.0,0.0,0.0,2794.1017
2017-11-03,0.0,0.0,0.0,2800.4688
2017-11-06,0.0,0.0,0.0,2792.2237
2017-11-07,0.0,0.0,0.0,2821.9558
2017-11-08,0.0,0.0,0.0,2819.9571
2017-11-09,0.0,0.0,0.0,2832.9612
2017-11-10,0.0,0.0,0.0,2862.3432
2017-11-13,0.0,0.0,0.0,2873.5145
2017-11-14,0.0,0.0,0.0,2861.4234
2017-11-15,0.0,0.0,0.0,2850.0504
2017-11-16,0.0,0.0,0.0,2879.3977
2017-11-17,-1.0,0.0,0.0,2938.7983
2017-11-20,0.0,-1.0,0.0,2941.1532
2017-11-21,0.0,0.0,0.0,2987.1731
2017-11-22,0.0,0.0,0.0,3012.3552
2017-11-23,0.0,0.0,0.0,2940.7256
2017-11-24,0.0,0.0,0.0,2936.8339
2017-11-27,0.0,0.0,0.0,2917.306
2017-11-28,0.0,0.0,0.0,2897.107
2017-11-29,0.0,0.0,0.0,2893.2825
2017-11-30,0.0,0.0,0.0,2863.4469
2017-12-01,0.0,0.0,0.0,2842.1841
2017-12-04,0.0,0.0,0.0,2861.3609
2017-12-05,0.0,0.0,0.0,2910.4755
2017-12-06,0.0,0.0,0.0,2875.7315
2017-12-07,0.0,0.0,0.0,2848.888
2017-12-08,0.0,0.0,0.0,2865.3407
2017-12-11,0.0,0.0,0.0,2899.1036
2017-12-12,0.0,0.0,0.0,2850.1969
2017-12-13,0.0,0.0,0.0,2872.94
2017-12-14,0.0,0.0,0.0,2850.0458
2017-12-15,0.0,0.0,0.0,2820.1666
2017-12-18,0.0,0.0,0.0,2829.0585
2017-12-19,0.0,0.0,0.0,2873.0302
2017-12-20,0.0,0.0,0.0,2879.6434
2017-12-21,0.0,0.0,0.0,2895.3659
2017-12-22,0.0,0.0,0.0,2880.7725
2017-12-25,0.0,0.0,0.0,2880.0968
2017-12-26,0.0,0.0,0.0,2894.3358
2017-12-27,0.0,0.0,0.0,2839.6346
2017-12-28,0.0,0.0,0.0,2859.0537
2017-12-29,0.0,0.0,0.0,2860.4363
2018-01-02,0.0,0.0,0.0,2908.7318
2018-01-03,0.0,0.0,0.0,2913.2596
2018-01-04,0.0,0.0,0.0,2919.4787
2018-01-05,0.0,0.0,0.0,2932.3558
2018-01-08,0.0,0.0,0.0,2947.7613
2018-01-09,0.0,0.0,0.0,2969.3175
2018-01-10,0.0,0.0,0.0,2995.5641
2018-01-11,0.0,0.0,0.0,2997.0448
2018-01-12,-1.0,0.0,0.0,3018.5957
2018-01-15,0.0,-1.0,0.0,3048.8075
2018-01-16,0.0,0.0,0.0,3063.8609
2018-01-17,0.0,0.0,0.0,3076.1819
2018-01-18,0.0,0.0,0.0,3106.5516
2018-01-19,0.0,0.0,0.0,3117.8212
2018-01-22,0.0,0.0,0.0,3130.3299
2018-01-23,0.0,0.0,0.0,3176.5042
2018-01-24,0.0,0.0,0.0,3180.3318
2018-01-25,0.0,0.0,0.0,3157.4592
2018-01-26,0.0,0.0,0.0,3172.7776
2018-01-29,0.0,0.0,0.0,3120.6951
2018-01-30,0.0,0.0,0.0,3079.1178
2018-01-31,0.0,0.0,0.0,3116.8331
2018-02-01,0.0,0.0,0.0,3141.23
2018-02-02,0.0,0.0,0.0,3149.6414
2018-02-05,0.0,0.0,0.0,3181.3393
2018-02-06,0.0,0.0,0.0,3117.4905
2018-02-07,0.0,0.0,0.0,3029.6011
2018-02-08,0.0,0.0,0.0,2945.8438
2018-02-09,0.0,0.0,0.0,2810.0273
2018-02-12,0.0,0.0,0.0,2805.211
2018-02-13,0.0,0.0,0.0,2852.7169
2018-02-14,0.0,0.0,0.0,2871.7873
2018-02-22,0.0,0.0,0.0,2931.8815
2018-02-23,0.0,0.0,0.0,2957.171
2018-02-26,0.0,0.0,0.0,2973.7855
2018-02-27,0.0,0.0,0.0,2927.0968
2018-02-28,0.0,0.0,0.0,2878.6666
2018-03-01,0.0,0.0,0.0,2891.2982
2018-03-02,0.0,0.0,0.0,2864.1834
2018-03-05,0.0,0.0,0.0,2863.9909
2018-03-06,0.0,0.0,0.0,2892.4752
2018-03-07,0.0,0.0,0.0,2878.1506
2018-03-08,0.0,0.0,0.0,2898.2542
2018-03-09,0.0,0.0,0.0,2908.1974
2018-03-12,0.0,0.0,0.0,2909.5793
2018-03-13,0.0,0.0,0.0,2883.3771
2018-03-14,0.0,0.0,0.0,2871.334
2018-03-15,0.0,0.0,0.0,2894.9828
2018-03-16,0.0,0.0,0.0,2870.7318
2018-03-19,0.0,0.0,0.0,2897.2558
2018-03-20,0.0,0.0,0.0,2904.3972
2018-03-21,0.0,0.0,0.0,2894.1835
2018-03-22,0.0,0.0,0.0,2866.6702
2018-03-23,0.0,0.0,0.0,2791.4674
2018-03-26,0.0,0.0,0.0,2738.868
2018-03-27,0.0,0.0,0.0,2747.5872
2018-03-28,0.0,0.0,0.0,2694.8259
2018-03-29,0.0,0.0,0.0,2738.7906
2018-03-30,0.0,0.0,0.0,2722.153
2018-04-02,1.0,0.0,0.0,2711.3735
2018-04-03,0.0,0.0,0.0,2697.272
2018-04-04,0.0,0.0,0.0,2702.3692
2018-04-09,0.0,0.0,0.0,2715.7318
2018-04-10,0.0,0.0,0.0,2780.8036
2018-04-11,0.0,0.0,0.0,2785.3386
2018-04-12,0.0,0.0,0.0,2749.6986
2018-04-13,0.0,0.0,0.0,2726.3956
2018-04-16,0.0,0.0,0.0,2664.7045
2018-04-17,0.0,0.0,0.0,2635.7032
2018-04-18,0.0,0.0,0.0,2653.7691
2018-04-19,0.0,0.0,0.0,2682.5518
2018-04-20,0.0,0.0,0.0,2647.3763
2018-04-23,0.0,0.0,0.0,2664.9175
2018-04-24,0.0,0.0,0.0,2722.8474
2018-04-25,0.0,0.0,0.0,2702.9802
2018-04-26,0.0,0.0,0.0,2666.0239
2018-04-27,0.0,0.0,0.0,2653.5436
2018-05-02,0.0,0.0,0.0,2652.7311
2018-05-03,0.0,0.0,0.0,2663.9752
2018-05-04,0.0,0.0,0.0,2646.3548
2018-05-07,0.0,0.0,0.0,2683.8487
2018-05-08,0.0,0.0,0.0,2722.88
2018-05-09,0.0,0.0,0.0,2717.2393
2018-05-10,0.0,0.0,0.0,2729.4001
2018-05-11,0.0,0.0,0.0,2724.7162
2018-05-14,0.0,0.0,0.0,2753.5353
2018-05-15,0.0,0.0,0.0,2750.8309
2018-05-16,0.0,0.0,0.0,2716.7818
2018-05-17,0.0,0.0,0.0,2700.8768
2018-05-18,0.0,0.0,0.0,2740.5347
2018-05-21,0.0,0.0,0.0,2745.8041
2018-05-22,0.0,0.0,0.0,2728.0004
2018-05-23,0.0,0.0,0.0,2683.6934
2018-05-24,0.0,0.0,0.0,2665.6758
2018-05-25,0.0,0.0,0.0,2661.2911
2018-05-28,0.0,0.0,0.0,2673.1985
2018-05-29,0.0,0.0,0.0,2663.4034
2018-05-30,0.0,0.0,0.0,2605.9005
2018-05-31,0.0,0.0,0.0,2658.2917
2018-06-01,0.0,0.0,0.0,2647.1867
2018-06-04,0.0,0.0,0.0,2694.577
2018-06-05,0.0,0.0,0.0,2707.0168
2018-06-06,0.0,0.0,0.0,2692.1807
2018-06-07,0.0,0.0,0.0,2695.2374
2018-06-08,0.0,0.0,0.0,2652.0823
2018-06-11,0.0,0.0,0.0,2660.4084
2018-06-12,0.0,0.0,0.0,2687.7018
2018-06-13,0.0,0.0,0.0,2671.6265
2018-06-14,0.0,0.0,0.0,2671.2975
2018-06-15,0.0,0.0,0.0,2667.9751
2018-06-19,0.0,0.0,0.0,2599.7801
2018-06-20,0.0,0.0,0.0,2598.328
2018-06-21,0.0,0.0,0.0,2579.0517
2018-06-22,0.0,0.0,0.0,2583.708
2018-06-25,0.0,0.0,0.0,2536.4599
2018-06-26,0.0,0.0,0.0,2506.7166
2018-06-27,0.0,0.0,0.0,2452.6386
2018-06-28,0.0,0.0,0.0,2425.1758
2018-06-29,1.0,0.0,0.0,2479.9115
2018-07-02,0.0,1.0,0.0,2386.3765
2018-07-03,0.0,0.0,1.0,2388.9763
2018-07-04,0.0,0.0,0.0,2368.4251
2018-07-05,0.0,0.0,0.0,2374.3553
2018-07-06,0.0,0.0,0.0,2402.617
2018-07-09,0.0,0.0,0.0,2471.2851
2018-07-10,0.0,0.0,0.0,2471.2299
2018-07-11,0.0,0.0,0.0,2432.2785
2018-07-12,0.0,0.0,0.0,2474.6247
2018-07-13,0.0,0.0,0.0,2476.8642
2018-07-16,0.0,0.0,0.0,2448.765
2018-07-17,0.0,0.0,0.0,2430.4445
2018-07-18,0.0,0.0,0.0,2420.7591
2018-07-19,0.0,0.0,0.0,2426.1628
2018-07-20,0.0,0.0,0.0,2493.765
2018-07-23,0.0,0.0,0.0,2526.8127
2018-07-24,0.0,0.0,0.0,2563.5835
2018-07-25,0.0,0.0,0.0,2563.6871
2018-07-26,0.0,0.0,0.0,2530.9913
2018-07-27,0.0,0.0,0.0,2525.0915
2018-07-30,0.0,0.0,0.0,2541.3081
2018-07-31,0.0,0.0,0.0,2545.1243
2018-08-01,0.0,0.0,0.0,2490.2454
2018-08-02,0.0,0.0,0.0,2440.3127
2018-08-03,0.0,0.0,0.0,2413.5032
2018-08-06,0.0,0.0,0.0,2406.5365
2018-08-07,0.0,0.0,0.0,2479.7796
2018-08-08,0.0,0.0,0.0,2446.9978
2018-08-09,0.0,0.0,0.0,2504.6172
2018-08-10,0.0,0.0,0.0,2503.2058
2018-08-13,0.0,0.0,0.0,2478.5086
2018-08-14,0.0,0.0,0.0,2469.2002
2018-08-15,0.0,0.0,0.0,2408.7219
2018-08-16,0.0,0.0,0.0,2405.1638
2018-08-17,0.0,0.0,0.0,2374.1729
2018-08-20,0.0,0.0,0.0,2409.1289
2018-08-21,0.0,0.0,0.0,2452.3833
2018-08-22,0.0,0.0,0.0,2450.1537
2018-08-23,0.0,0.0,0.0,2461.0673
2018-08-24,0.0,0.0,0.0,2471.9989
2018-08-27,0.0,0.0,0.0,2522.3395
2018-08-28,0.0,0.0,0.0,2511.1452
2018-08-29,0.0,0.0,0.0,2503.4801
2018-08-30,0.0,0.0,0.0,2479.2095
2018-08-31,0.0,0.0,0.0,2474.4765
2018-09-03,0.0,0.0,0.0,2465.8797
2018-09-04,0.0,0.0,0.0,2500.4376
2018-09-05,0.0,0.0,0.0,2441.2299
2018-09-06,0.0,0.0,0.0,2416.0328
2018-09-07,0.0,0.0,0.0,2437.677
2018-09-10,0.0,0.0,0.0,2413.4258
2018-09-11,0.0,0.0,0.0,2398.7678
2018-09-12,1.0,0.0,0.0,2381.3883
2018-09-13,0.0,1.0,0.0,2415.3115
2018-09-14,0.0,0.0,0.0,2425.4208
2018-09-17,0.0,0.0,0.0,2399.8807
2018-09-18,0.0,0.0,0.0,2458.7677
2018-09-19,0.0,0.0,0.0,2487.0771
2018-09-20,0.0,0.0,0.0,2487.4223
2018-09-21,0.0,0.0,0.0,2573.6031
2018-09-25,0.0,0.0,0.0,2547.7911
2018-09-26,0.0,0.0,0.0,2582.7666
2018-09-27,-1.0,0.0,0.0,2575.4485
2018-09-28,0.0,-1.0,0.0,2606.6676
2018-10-08,0.0,0.0,0.0,2486.8222
2018-10-09,0.0,0.0,0.0,2491.6628
2018-10-10,0.0,0.0,0.0,2494.0558
2018-10-11,0.0,0.0,0.0,2390.5025
2018-10-12,0.0,0.0,0.0,2444.1305
2018-10-15,0.0,0.0,0.0,2412.4791
2018-10-16,0.0,0.0,0.0,2415.492
2018-10-17,0.0,0.0,0.0,2429.2145
2018-10-18,0.0,0.0,0.0,2369.0679
2018-10-19,0.0,0.0,0.0,2446.3196
2018-10-22,0.0,0.0,0.0,2540.1521
2018-10-23,0.0,0.0,0.0,2464.8117
2018-10-24,0.0,0.0,0.0,2477.4883
2018-10-25,0.0,0.0,0.0,2485.0987
2018-10-26,0.0,0.0,0.0,2468.9096
2018-10-29,0.0,0.0,0.0,2389.5766
2018-10-30,0.0,0.0,0.0,2415.6485
2018-10-31,0.0,0.0,0.0,2451.1207
2018-11-01,0.0,0.0,0.0,2460.1619
2018-11-02,0.0,0.0,0.0,2542.768
2018-11-05,0.0,0.0,0.0,2511.5897
2018-11-06,0.0,0.0,0.0,2499.6793
2018-11-07,0.0,0.0,0.0,2482.3343
2018-11-08,0.0,0.0,0.0,2485.9978
2018-11-09,0.0,0.0,0.0,2434.212
2018-11-12,0.0,0.0,0.0,2444.9673
2018-11-13,0.0,0.0,0.0,2462.9726
2018-11-14,0.0,0.0,0.0,2429.9857
2018-11-15,0.0,0.0,0.0,2459.1411
2018-11-16,0.0,0.0,0.0,2461.4445
2018-11-19,0.0,0.0,0.0,2492.0842
2018-11-20,0.0,0.0,0.0,2446.7911
2018-11-21,0.0,0.0,0.0,2451.2723
2018-11-22,0.0,0.0,0.0,2437.6387
2018-11-23,0.0,0.0,0.0,2399.2026
2018-11-26,0.0,0.0,0.0,2401.8978
2018-11-27,0.0,0.0,0.0,2394.2943
2018-11-28,0.0,0.0,0.0,2421.1336
2018-11-29,0.0,0.0,0.0,2401.8524
2018-11-30,0.0,0.0,0.0,2428.0445
2018-12-03,0.0,0.0,0.0,2488.0567
2018-12-04,0.0,0.0,0.0,2496.1425
2018-12-05,0.0,0.0,0.0,2481.7917
2018-12-06,0.0,0.0,0.0,2434.4908
2018-12-07,0.0,0.0,0.0,2430.7223
2018-12-10,0.0,0.0,0.0,2408.6063
2018-12-11,0.0,0.0,0.0,2415.5777
2018-12-12,0.0,0.0,0.0,2423.3178
2018-12-13,0.0,0.0,0.0,2457.9046
2018-12-14,0.0,0.0,0.0,2423.3814
2018-12-17,0.0,0.0,0.0,2425.9446
2018-12-18,0.0,0.0,0.0,2397.8676
2018-12-19,0.0,0.0,0.0,2369.5483
2018-12-20,0.0,0.0,0.0,2334.9217
2018-12-21,0.0,0.0,0.0,2306.1451
2018-12-24,0.0,0.0,0.0,2309.2327
2018-12-25,0.0,0.0,0.0,2297.3326
2018-12-26,0.0,0.0,0.0,2281.5579
2018-12-27,0.0,0.0,0.0,2276.0571
2018-12-28,1.0,0.0,0.0,2293.0985
2019-01-02,0.0,1.0,0.0,2262.7908
2019-01-03,0.0,0.0,1.0,2269.243
2019-01-04,0.0,0.0,0.0,2314.6466
2019-01-07,0.0,0.0,0.0,2314.3193
2019-01-08,0.0,0.0,0.0,2305.1708
2019-01-09,0.0,0.0,0.0,2332.7192
2019-01-10,0.0,0.0,0.0,2331.8507
2019-01-11,0.0,0.0,0.0,2354.4987
2019-01-14,0.0,0.0,0.0,2331.1358
2019-01-15,0.0,0.0,0.0,2378.3696
2019-01-16,-1.0,0.0,0.0,2381.2178
2019-01-17,0.0,-1.0,0.0,2371.3481
2019-01-18,0.0,0.0,0.0,2417.363
2019-01-21,0.0,0.0,0.0,2432.487
2019-01-22,0.0,0.0,0.0,2401.233
2019-01-23,0.0,0.0,0.0,2397.0493
2019-01-24,0.0,0.0,0.0,2411.5621
2019-01-25,0.0,0.0,0.0,2441.64
2019-01-28,0.0,0.0,0.0,2437.0261
2019-01-29,0.0,0.0,0.0,2455.8968
2019-01-30,0.0,0.0,0.0,2440.0146
2019-01-31,0.0,0.0,0.0,2483.4709
2019-02-01,0.0,0.0,0.0,2499.6442
2019-02-11,0.0,0.0,0.0,2527.4736
2019-02-12,0.0,0.0,0.0,2533.1817
2019-02-13,-1.0,0.0,0.0,2580.6116
2019-02-14,0.0,-1.0,0.0,2576.3062
2019-02-15,0.0,0.0,0.0,2517.4622
2019-02-18,0.0,0.0,0.0,2582.8512
2019-02-19,0.0,0.0,0.0,2579.0463
2019-02-20,0.0,0.0,0.0,2588.166
2019-02-21,0.0,0.0,0.0,2577.2255
2019-02-22,0.0,0.0,0.0,2623.0736
2019-02-25,0.0,0.0,0.0,2787.6987
2019-02-26,0.0,0.0,0.0,2733.9005
2019-02-27,0.0,0.0,0.0,2750.3391
2019-02-28,0.0,0.0,0.0,2743.9716
2019-03-01,0.0,0.0,0.0,2819.4681
2019-03-04,-1.0,0.0,0.0,2832.5878
2019-03-05,0.0,-1.0,0.0,2828.8685
2019-03-06,0.0,0.0,0.0,2840.2717
2019-03-07,0.0,0.0,0.0,2789.7001
2019-03-08,0.0,0.0,0.0,2685.592
2019-03-11,0.0,0.0,0.0,2708.5982
2019-03-12,0.0,0.0,0.0,2719.7727
2019-03-13,0.0,0.0,0.0,2723.9618
2019-03-14,0.0,0.0,0.0,2729.1324
2019-03-15,0.0,0.0,0.0,2755.8053
2019-03-18,0.0,0.0,0.0,2825.1837
2019-03-19,0.0,0.0,0.0,2806.8964
2019-03-20,0.0,0.0,0.0,2812.9179
2019-03-21,0.0,0.0,0.0,2802.9647
2019-03-22,0.0,0.0,0.0,2795.3909
2019-03-25,0.0,0.0,0.0,2718.1807
2019-03-26,0.0,0.0,0.0,2706.1537
2019-03-27,0.0,0.0,0.0,2741.5907
2019-03-28,0.0,0.0,0.0,2733.9743
2019-03-29,0.0,0.0,0.0,2838.5054
2019-04-01,0.0,0.0,0.0,2892.619
2019-04-02,0.0,0.0,0.0,2888.5304
2019-04-03,0.0,0.0,0.0,2920.0013
2019-04-04,0.0,0.0,0.0,2951.9848
2019-04-08,0.0,0.0,0.0,2962.2749
2019-04-09,0.0,0.0,0.0,2967.5136
2019-04-10,0.0,0.0,0.0,2979.0985
2019-04-11,0.0,0.0,0.0,2928.4268
2019-04-12,0.0,0.0,0.0,2920.5151
2019-04-15,0.0,0.0,0.0,2924.9257
2019-04-16,0.0,0.0,0.0,3023.0253
2019-04-17,0.0,0.0,0.0,3017.4162
2019-04-18,0.0,0.0,0.0,3004.9245
2019-04-19,0.0,0.0,0.0,3042.4321
2019-04-22,0.0,0.0,0.0,2970.488
2019-04-23,0.0,0.0,0.0,2978.8451
2019-04-24,0.0,0.0,0.0,2974.8473
2019-04-25,0.0,0.0,0.0,2927.995
2019-04-26,0.0,0.0,0.0,2892.8568
2019-04-29,0.0,0.0,0.0,2939.405
2019-04-30,0.0,0.0,0.0,2945.2438
2019-05-06,0.0,0.0,0.0,2805.0354
2019-05-07,1.0,0.0,0.0,2806.2577
2019-05-08,0.0,1.0,0.0,2758.2435
2019-05-09,0.0,0.0,1.0,2698.7804
2019-05-10,0.0,0.0,0.0,2793.7589
2019-05-13,0.0,0.0,0.0,2741.1118
2019-05-14,0.0,0.0,0.0,2724.7337
2019-05-15,0.0,0.0,0.0,2783.5439
2019-05-16,0.0,0.0,0.0,2791.4146
2019-05-17,0.0,0.0,0.0,2735.2124
2019-05-20,0.0,0.0,0.0,2715.4315
2019-05-21,0.0,0.0,0.0,2739.7852
2019-05-22,0.0,0.0,0.0,2725.7343
2019-05-23,0.0,0.0,0.0,2685.9336
2019-05-24,0.0,0.0,0.0,2702.0252
2019-05-27,0.0,0.0,0.0,2722.3345
2019-05-28,0.0,0.0,0.0,2748.7987
2019-05-29,0.0,0.0,0.0,2755.8081
2019-05-30,0.0,0.0,0.0,2742.9635
2019-05-31,0.0,0.0,0.0,2728.9459
2019-06-03,0.0,0.0,0.0,2743.0644
2019-06-04,0.0,0.0,0.0,2721.3139
2019-06-05,0.0,0.0,0.0,2719.5949
2019-06-06,0.0,0.0,0.0,2706.7621
2019-06-10,0.0,0.0,0.0,2743.3745
2019-06-11,0.0,0.0,0.0,2812.8986
2019-06-12,0.0,0.0,0.0,2796.7319
2019-06-13,0.0,0.0,0.0,2794.5361
2019-06-14,0.0,0.0,0.0,2785.6055
2019-06-17,0.0,0.0,0.0,2793.7037
2019-06-18,0.0,0.0,0.0,2806.454
2019-06-19,0.0,0.0,0.0,2842.7358
2019-06-20,0.0,0.0,0.0,2942.6287
2019-06-21,0.0,0.0,0.0,2938.7729
2019-06-24,0.0,0.0,0.0,2949.5176
2019-06-25,0.0,0.0,0.0,2910.1212
2019-06-26,0.0,0.0,0.0,2903.4868
2019-06-27,0.0,0.0,0.0,2937.1283
2019-06-28,0.0,0.0,0.0,2930.5982
2019-07-01,0.0,0.0,0.0,3002.9395
2019-07-02,0.0,0.0,0.0,2999.0759
2019-07-03,0.0,0.0,0.0,2964.7309
2019-07-04,0.0,0.0,0.0,2953.2719
2019-07-05,0.0,0.0,0.0,2961.9222
2019-07-08,0.0,0.0,0.0,2897.5121
2019-07-09,0.0,0.0,0.0,2881.5517
2019-07-10,0.0,0.0,0.0,2878.7812
2019-07-11,0.0,0.0,0.0,2887.8313
2019-07-12,0.0,0.0,0.0,2902.1295
2019-07-15,0.0,0.0,0.0,2902.6099
2019-07-16,0.0,0.0,0.0,2884.561
2019-07-17,0.0,0.0,0.0,2875.0299
2019-07-18,0.0,0.0,0.0,2859.1646
2019-07-19,0.0,0.0,0.0,2895.6249
2019-07-22,0.0,0.0,0.0,2881.9038
2019-07-23,0.0,0.0,0.0,2881.0982
2019-07-24,0.0,0.0,0.0,2906.5502
2019-07-25,0.0,0.0,0.0,2931.1758
2019-07-26,0.0,0.0,0.0,2939.3547
2019-07-29,0.0,0.0,0.0,2930.4891
2019-07-30,0.0,0.0,0.0,2944.025
2019-07-31,0.0,0.0,0.0,2912.6612
2019-08-01,0.0,0.0,0.0,2887.8665
2019-08-02,0.0,0.0,0.0,2843.7704
2019-08-05,0.0,0.0,0.0,2786.7196
2019-08-06,0.0,0.0,0.0,2760.6799
2019-08-07,0.0,0.0,0.0,2747.2491
2019-08-08,0.0,0.0,0.0,2786.8715
2019-08-09,0.0,0.0,0.0,2772.1492
2019-08-12,0.0,0.0,0.0,2824.8041
2019-08-13,0.0,0.0,0.0,2792.9137
2019-08-14,0.0,0.0,0.0,2804.3553
2019-08-15,0.0,0.0,0.0,2814.3881
2019-08-16,0.0,0.0,0.0,2824.2258
2019-08-19,0.0,0.0,0.0,2877.2312
2019-08-20,0.0,0.0,0.0,2875.653
2019-08-21,0.0,0.0,0.0,2869.2196
2019-08-22,0.0,0.0,0.0,2878.0047
2019-08-23,0.0,0.0,0.0,2917.3773
2019-08-26,0.0,0.0,0.0,2863.4793
2019-08-27,0.0,0.0,0.0,2887.2385
2019-08-28,0.0,0.0,0.0,2867.0269
2019-08-29,0.0,0.0,0.0,2855.4504
2019-08-30,0.0,0.0,0.0,2872.401
2019-09-02,0.0,0.0,0.0,2894.9575
2019-09-03,0.0,0.0,0.0,2892.1821
2019-09-04,0.0,0.0,0.0,2919.6782
2019-09-05,0.0,0.0,0.0,2955.8399
2019-09-06,0.0,0.0,0.0,2981.0728
2019-09-09,0.0,0.0,0.0,2981.5862
2019-09-10,0.0,0.0,0.0,2969.8048
2019-09-11,-1.0,0.0,0.0,2957.1439
2019-09-12,0.0,-1.0,0.0,2999.5617
2019-09-16,0.0,0.0,0.0,2982.4481
2019-09-17,0.0,0.0,0.0,2937.0077
2019-09-18,0.0,0.0,0.0,2954.3577
2019-09-19,0.0,0.0,0.0,2956.8294
2019-09-20,0.0,0.0,0.0,2963.4349
2019-09-23,0.0,0.0,0.0,2930.9132
2019-09-24,0.0,0.0,0.0,2940.0806
2019-09-25,0.0,0.0,0.0,2928.8351
2019-09-26,0.0,0.0,0.0,2927.8766
2019-09-27,1.0,0.0,0.0,2929.4659
2019-09-30,0.0,1.0,0.0,2897.7027
2019-10-08,0.0,0.0,1.0,2922.348
2019-10-09,0.0,0.0,0.0,2922.9797
2019-10-10,0.0,0.0,0.0,2940.8002
2019-10-11,0.0,0.0,0.0,2983.1198
2019-10-14,0.0,0.0,0.0,3013.5334
2019-10-15,0.0,0.0,0.0,3015.4202
2019-10-16,0.0,0.0,0.0,3004.7233
2019-10-17,0.0,0.0,0.0,3011.7535
2019-10-18,0.0,0.0,0.0,2963.1753
2019-10-21,0.0,0.0,0.0,2968.9051
2019-10-22,0.0,0.0,0.0,2973.2173
2019-10-23,0.0,0.0,0.0,2954.3052
2019-10-24,0.0,0.0,0.0,2959.0317
2019-10-25,0.0,0.0,0.0,2967.0517
2019-10-28,0.0,0.0,0.0,2981.3615
2019-10-29,0.0,0.0,0.0,2968.2831
2019-10-30,0.0,0.0,0.0,2952.1181
2019-10-31,0.0,0.0,0.0,2954.734
2019-11-01,0.0,0.0,0.0,3002.6488
2019-11-04,0.0,0.0,0.0,3022.2749
2019-11-05,0.0,0.0,0.0,3039.9772
2019-11-06,0.0,0.0,0.0,3032.7916
2019-11-07,0.0,0.0,0.0,3033.2991
2019-11-08,0.0,0.0,0.0,3012.4594
2019-11-11,0.0,0.0,0.0,2965.7075
2019-11-12,0.0,0.0,0.0,2971.3606
2019-11-13,0.0,0.0,0.0,2967.6702
2019-11-14,0.0,0.0,0.0,2968.5686
2019-11-15,0.0,0.0,0.0,2954.7013
2019-11-18,0.0,0.0,0.0,2980.9457
2019-11-19,0.0,0.0,0.0,3000.7451
2019-11-20,0.0,0.0,0.0,2968.1238
2019-11-21,0.0,0.0,0.0,2949.3369
2019-11-22,0.0,0.0,0.0,2922.2669
2019-11-25,0.0,0.0,0.0,2951.2474
2019-11-26,0.0,0.0,0.0,2946.5669
2019-11-27,0.0,0.0,0.0,2944.3218
2019-11-28,0.0,0.0,0.0,2930.4816
2019-11-29,0.0,0.0,0.0,2894.7154
2019-12-02,0.0,0.0,0.0,2899.439
2019-12-03,0.0,0.0,0.0,2909.6232
2019-12-04,0.0,0.0,0.0,2901.0663
2019-12-05,0.0,0.0,0.0,2921.9474
2019-12-06,0.0,0.0,0.0,2939.8184
2019-12-09,0.0,0.0,0.0,2933.0421
2019-12-10,0.0,0.0,0.0,2936.9931
2019-12-11,0.0,0.0,0.0,2949.6467
2019-12-12,0.0,0.0,0.0,2938.0443
2019-12-13,0.0,0.0,0.0,3006.3127
2019-12-16,0.0,0.0,0.0,2999.2015
2019-12-17,0.0,0.0,0.0,3033.1423
2019-12-18,0.0,0.0,0.0,3025.7847
2019-12-19,0.0,0.0,0.0,3017.7128
2019-12-20,0.0,0.0,0.0,3012.6257
2019-12-23,0.0,0.0,0.0,2984.2426
2019-12-24,0.0,0.0,0.0,2996.765
2019-12-25,0.0,0.0,0.0,2986.0036
2019-12-26,0.0,0.0,0.0,3011.6361
2019-12-27,0.0,0.0,0.0,3017.7787
2019-12-30,0.0,0.0,0.0,3062.75
2019-12-31,0.0,0.0,0.0,3063.219
2020-01-02,0.0,0.0,0.0,3090.8331
2020-01-03,0.0,0.0,0.0,3078.2793
2020-01-06,0.0,0.0,0.0,3056.8359
2020-01-07,0.0,0.0,0.0,3074.0152
2020-01-08,0.0,0.0,0.0,3037.8525
2020-01-09,0.0,0.0,0.0,3067.5456
2020-01-10,0.0,0.0,0.0,3067.881
2020-01-13,0.0,0.0,0.0,3090.1284
2020-01-14,0.0,0.0,0.0,3080.6016
2020-01-15,0.0,0.0,0.0,3058.0078
2020-01-16,0.0,0.0,0.0,3043.0931
2020-01-17,0.0,0.0,0.0,3053.1729
2020-01-20,0.0,0.0,0.0,3065.9906
2020-01-21,0.0,0.0,0.0,3012.1123
2020-01-22,0.0,0.0,0.0,3017.8785
2020-01-23,0.0,0.0,0.0,2932.4932
2020-02-03,0.0,0.0,0.0,2727.0931
2020-02-04,1.0,0.0,0.0,2794.6606
2020-02-05,0.0,1.0,0.0,2812.8993
2020-02-06,0.0,0.0,1.0,2854.8878
2020-02-07,0.0,0.0,0.0,2851.7105
2020-02-10,0.0,0.0,0.0,2850.0642
2020-02-11,0.0,0.0,0.0,2879.8575
2020-02-12,0.0,0.0,0.0,2895.5859
2020-02-13,0.0,0.0,0.0,2875.4794
2020-02-14,0.0,0.0,0.0,2895.0644
2020-02-17,0.0,0.0,0.0,2950.0699
2020-02-18,0.0,0.0,0.0,2924.3981
2020-02-19,-1.0,0.0,0.0,2923.7633
2020-02-20,0.0,-1.0,0.0,2978.1829
2020-02-21,0.0,0.0,0.0,2968.1381
2020-02-24,0.0,0.0,0.0,2930.0332
2020-02-25,0.0,0.0,0.0,2909.324
2020-02-26,0.0,0.0,0.0,2901.6734
2020-02-27,0.0,0.0,0.0,2912.0364
2020-02-28,0.0,0.0,0.0,2821.0419
2020-03-02,0.0,0.0,0.0,2907.8863
2020-03-03,0.0,0.0,0.0,2921.4435
2020-03-04,0.0,0.0,0.0,2947.5666
2020-03-05,0.0,0.0,0.0,3018.0701
2020-03-06,0.0,0.0,0.0,2964.8348
2020-03-09,0.0,0.0,0.0,2868.8297
2020-03-10,0.0,0.0,0.0,2924.2165
2020-03-11,0.0,0.0,0.0,2888.3612
2020-03-12,0.0,0.0,0.0,2841.9824
2020-03-13,0.0,0.0,0.0,2798.7695
2020-03-16,0.0,0.0,0.0,2694.0229
2020-03-17,0.0,0.0,0.0,2685.5907
2020-03-18,0.0,0.0,0.0,2625.747
2020-03-19,1.0,0.0,0.0,2569.7891
2020-03-20,0.0,1.0,0.0,2628.4161
2020-03-23,0.0,0.0,1.0,2559.6192
2020-03-24,0.0,0.0,0.0,2639.3834
2020-03-25,0.0,0.0,0.0,2700.1865
2020-03-26,0.0,0.0,0.0,2689.2803
2020-03-27,0.0,0.0,0.0,2701.4447
2020-03-30,0.0,0.0,0.0,2690.042
2020-03-31,0.0,0.0,0.0,2689.379
2020-04-01,0.0,0.0,0.0,2682.0795
2020-04-02,0.0,0.0,0.0,2719.8864
2020-04-03,0.0,0.0,0.0,2708.8246
2020-04-07,0.0,0.0,0.0,2757.4064
2020-04-08,0.0,0.0,0.0,2743.8865
2020-04-09,0.0,0.0,0.0,2752.588
2020-04-10,0.0,0.0,0.0,2749.8466
2020-04-13,0.0,0.0,0.0,2739.1666
2020-04-14,0.0,0.0,0.0,2785.72
2020-04-15,0.0,0.0,0.0,2764.4883
2020-04-16,0.0,0.0,0.0,2768.2616
2020-04-17,0.0,0.0,0.0,2809.0757
2020-04-20,0.0,0.0,0.0,2819.7938
2020-04-21,0.0,0.0,0.0,2784.5328
2020-04-22,0.0,0.0,0.0,2804.2373
2020-04-23,0.0,0.0,0.0,2797.6612
2020-04-24,0.0,0.0,0.0,2776.0245
2020-04-27,0.0,0.0,0.0,2805.2202
2020-04-28,0.0,0.0,0.0,2825.1393
2020-04-29,0.0,0.0,0.0,2844.8143
2020-04-30,0.0,0.0,0.0,2861.9077
2020-05-06,0.0,0.0,0.0,2863.8452
2020-05-07,0.0,0.0,0.0,2854.423
2020-05-08,0.0,0.0,0.0,2873.0125
2020-05-11,0.0,0.0,0.0,2871.8476
2020-05-12,-1.0,0.0,0.0,2869.5973
2020-05-13,0.0,-1.0,0.0,2867.7123
2020-05-14,0.0,0.0,0.0,2834.5328
2020-05-15,0.0,0.0,0.0,2819.6911
2020-05-18,0.0,0.0,0.0,2837.1721
2020-05-19,0.0,0.0,0.0,2860.6682
2020-05-20,0.0,0.0,0.0,2856.1398
2020-05-21,0.0,0.0,0.0,2846.8239
2020-05-22,0.0,0.0,0.0,2775.8096
2020-05-25,0.0,0.0,0.0,2789.7095
2020-05-26,0.0,0.0,0.0,2808.8419
2020-05-27,0.0,0.0,0.0,2795.4807
2020-05-28,0.0,0.0,0.0,2809.6648
2020-05-29,0.0,0.0,0.0,2806.6643
2020-06-01,0.0,0.0,0.0,2870.3558
2020-06-02,0.0,0.0,0.0,2885.9208
2020-06-03,0.0,0.0,0.0,2889.1086
2020-06-04,0.0,0.0,0.0,2883.3633
2020-06-05,0.0,0.0,0.0,2896.3495
2020-06-08,0.0,0.0,0.0,2909.5867
2020-06-09,-1.0,0.0,0.0,2928.3043
2020-06-10,0.0,-1.0,0.0,2908.4753
2020-06-11,0.0,0.0,0.0,2876.513
2020-06-12,0.0,0.0,0.0,2884.1157
2020-06-15,0.0,0.0,0.0,2838.6074
2020-06-16,0.0,0.0,0.0,2878.9924
2020-06-17,0.0,0.0,0.0,2881.1321
2020-06-18,0.0,0.0,0.0,2888.9575
2020-06-19,0.0,0.0,0.0,2925.9356
2020-06-22,0.0,0.0,0.0,2921.8915
2020-06-23,0.0,0.0,0.0,2925.416
2020-06-24,0.0,0.0,0.0,2943.4733
2020-06-29,0.0,0.0,0.0,2925.4834
2020-06-30,0.0,0.0,0.0,2942.0741
2020-07-01,0.0,0.0,0.0,3009.8611
2020-07-02,0.0,0.0,0.0,3084.2381
2020-07-03,0.0,0.0,0.0,3159.1583
2020-07-06,0.0,0.0,0.0,3374.1362
2020-07-07,0.0,0.0,0.0,3381.7608
2020-07-08,0.0,0.0,0.0,3429.9449
2020-07-09,0.0,0.0,0.0,3442.0205
2020-07-10,0.0,0.0,0.0,3351.78
2020-07-13,0.0,0.0,0.0,3390.115
2020-07-14,0.0,0.0,0.0,3348.0312
2020-07-15,0.0,0.0,0.0,3313.7646
2020-07-16,0.0,0.0,0.0,3162.0251
2020-07-17,0.0,0.0,0.0,3185.8909
2020-07-20,0.0,0.0,0.0,3287.915
2020-07-21,0.0,0.0,0.0,3286.8146
2020-07-22,0.0,0.0,0.0,3291.3605
2020-07-23,0.0,0.0,0.0,3284.1103
2020-07-24,0.0,0.0,0.0,3158.2854
2020-07-27,0.0,0.0,0.0,3163.2306
2020-07-28,0.0,0.0,0.0,3185.8904
2020-07-29,0.0,0.0,0.0,3243.3849
2020-07-30,0.0,0.0,0.0,3231.5193
2020-07-31,0.0,0.0,0.0,3249.3375
2020-08-03,0.0,0.0,0.0,3281.1012
2020-08-04,0.0,0.0,0.0,3312.1336
2020-08-05,0.0,0.0,0.0,3292.3094
2020-08-06,0.0,0.0,0.0,3292.2003
2020-08-07,0.0,0.0,0.0,3263.7455
2020-08-10,0.0,0.0,0.0,3285.7602
2020-08-11,0.0,0.0,0.0,3262.8244
2020-08-12,0.0,0.0,0.0,3249.7381
2020-08-13,0.0,0.0,0.0,3241.8446
2020-08-14,0.0,0.0,0.0,3288.5141
2020-08-17,0.0,0.0,0.0,3368.8488
2020-08-18,0.0,0.0,0.0,3367.3313
2020-08-19,0.0,0.0,0.0,3307.6593
2020-08-20,0.0,0.0,0.0,3264.5329
2020-08-21,0.0,0.0,0.0,3284.7267
2020-08-24,0.0,0.0,0.0,3298.7205
2020-08-25,0.0,0.0,0.0,3310.8389
2020-08-26,0.0,0.0,0.0,3277.8901
2020-08-27,0.0,0.0,0.0,3290.7855
2020-08-28,0.0,0.0,0.0,3368.4384
2020-08-31,0.0,0.0,0.0,3343.8881
2020-09-01,0.0,0.0,0.0,3355.096
2020-09-02,0.0,0.0,0.0,3347.3042
2020-09-03,0.0,0.0,0.0,3334.4119
2020-09-04,0.0,0.0,0.0,3309.2096
2020-09-07,0.0,0.0,0.0,3253.4259
2020-09-08,0.0,0.0,0.0,3289.9142
2020-09-09,0.0,0.0,0.0,3235.7032
2020-09-10,0.0,0.0,0.0,3245.5017
2020-09-11,0.0,0.0,0.0,3265.4966
2020-09-14,0.0,0.0,0.0,3294.1507
2020-09-15,0.0,0.0,0.0,3317.6402
2020-09-16,0.0,0.0,0.0,3295.5836
2020-09-17,0.0,0.0,0.0,3264.6864
2020-09-18,0.0,0.0,0.0,3347.7784
2020-09-21,0.0,0.0,0.0,3311.5936
2020-09-22,0.0,0.0,0.0,3270.519
2020-09-23,0.0,0.0,0.0,3275.7387
2020-09-24,0.0,0.0,0.0,3218.716
2020-09-25,0.0,0.0,0.0,3229.7769
2020-09-28,0.0,0.0,0.0,3250.5018
2020-09-29,0.0,0.0,0.0,3241.323
2020-09-30,0.0,0.0,0.0,3232.4183
2020-10-09,0.0,0.0,0.0,3286.8572
2020-10-12,0.0,0.0,0.0,3387.8848
2020-10-13,0.0,0.0,0.0,3386.893
2020-10-14,0.0,0.0,0.0,3369.4978
2020-10-15,0.0,0.0,0.0,3371.4014
2020-10-16,0.0,0.0,0.0,3380.1689
2020-10-19,0.0,0.0,0.0,3354.3075
2020-10-20,0.0,0.0,0.0,3363.503
2020-10-21,0.0,0.0,0.0,3377.4246
2020-10-22,0.0,0.0,0.0,3369.53
2020-10-23,0.0,0.0,0.0,3346.608
2020-10-26,0.0,0.0,0.0,3304.7036
2020-10-27,0.0,0.0,0.0,3294.0881
2020-10-28,0.0,0.0,0.0,3313.2314
2020-10-29,0.0,0.0,0.0,3324.4397
2020-10-30,0.0,0.0,0.0,3280.3835
2020-11-02,0.0,0.0,0.0,3265.8963
2020-11-03,1.0,0.0,0.0,3307.4846
2020-11-04,0.0,0.0,0.0,3332.1901
2020-11-05,0.0,0.0,0.0,3369.5029
2020-11-06,0.0,0.0,0.0,3359.1193
2020-11-09,0.0,0.0,0.0,3418.2753
2020-11-10,0.0,0.0,0.0,3416.1408
2020-11-11,0.0,0.0,0.0,3411.2295
2020-11-12,0.0,0.0,0.0,3397.3544
2020-11-13,0.0,0.0,0.0,3338.3101
2020-11-16,0.0,0.0,0.0,3377.11
2020-11-17,0.0,0.0,0.0,3379.2742
2020-11-18,0.0,0.0,0.0,3387.0447
2020-11-19,0.0,0.0,0.0,3410.0937
2020-11-20,0.0,0.0,0.0,3411.9323
2020-11-23,0.0,0.0,0.0,3469.8046
2020-11-24,0.0,0.0,0.0,3442.7229
2020-11-25,0.0,0.0,0.0,3420.2916
2020-11-26,0.0,0.0,0.0,3445.7388
2020-11-27,0.0,0.0,0.0,3498.6589
2020-11-30,0.0,0.0,0.0,3469.4178
2020-12-01,-1.0,0.0,0.0,3554.0139
2020-12-02,0.0,-1.0,0.0,3545.3401
2020-12-03,0.0,0.0,0.0,3536.8144
2020-12-04,0.0,0.0,0.0,3541.5209
2020-12-07,0.0,0.0,0.0,3509.9419
2020-12-08,0.0,0.0,0.0,3499.0572
2020-12-09,0.0,0.0,0.0,3468.5269
2020-12-10,0.0,0.0,0.0,3459.0346
2020-12-11,0.0,0.0,0.0,3427.8565
2020-12-14,0.0,0.0,0.0,3467.7669
2020-12-15,0.0,0.0,0.0,3468.8286
2020-12-16,0.0,0.0,0.0,3485.4049
2020-12-17,0.0,0.0,0.0,3539.5401
2020-12-18,0.0,0.0,0.0,3507.9743
2020-12-21,0.0,0.0,0.0,3522.262
2020-12-22,0.0,0.0,0.0,3470.9024
2020-12-23,0.0,0.0,0.0,3494.5868
2020-12-24,0.0,0.0,0.0,3489.2742
2020-12-25,0.0,0.0,0.0,3512.4862
2020-12-28,0.0,0.0,0.0,3523.8369
2020-12-29,0.0,0.0,0.0,3517.35
2020-12-30,0.0,0.0,0.0,3574.1307
2020-12-31,0.0,0.0,0.0,3640.6389
2021-01-04,0.0,0.0,0.0,3643.3592
2021-01-05,0.0,0.0,0.0,3683.3634
2021-01-06,0.0,0.0,0.0,3736.648
2021-01-07,0.0,0.0,0.0,3808.0695
2021-01-08,-1.0,0.0,0.0,3788.3191
2021-01-11,0.0,-1.0,0.0,3776.5293
2021-01-12,0.0,0.0,0.0,3906.1225
2021-01-13,0.0,0.0,0.0,3873.2285
2021-01-14,0.0,0.0,0.0,3811.2242
2021-01-15,0.0,0.0,0.0,3817.9345
2021-01-18,0.0,0.0,0.0,3849.3982
2021-01-19,0.0,0.0,0.0,3808.694
2021-01-20,0.0,0.0,0.0,3814.6537
2021-01-21,0.0,0.0,0.0,3850.0559
2021-01-22,0.0,0.0,0.0,3846.3945
2021-01-25,0.0,0.0,0.0,3898.1473
2021-01-26,0.0,0.0,0.0,3813.2902
2021-01-27,0.0,0.0,0.0,3818.2682
2021-01-28,0.0,0.0,0.0,3735.0337
2021-01-29,0.0,0.0,0.0,3713.2471
2021-02-01,0.0,0.0,0.0,3746.3717
2021-02-02,0.0,0.0,0.0,3771.47
2021-02-03,0.0,0.0,0.0,3775.7224
2021-02-04,0.0,0.0,0.0,3801.6178
2021-02-05,0.0,0.0,0.0,3840.7663
2021-02-08,0.0,0.0,0.0,3890.4654
2021-02-09,0.0,0.0,0.0,3952.8276
2021-02-10,0.0,0.0,0.0,4028.5289
2021-02-18,0.0,0.0,0.0,4014.3241
2021-02-19,0.0,0.0,0.0,4014.4564
2021-02-22,0.0,0.0,0.0,3881.8681
2021-02-23,0.0,0.0,0.0,3897.7164
2021-02-24,0.0,0.0,0.0,3805.4719
2021-02-25,0.0,0.0,0.0,3851.029
2021-02-26,0.0,0.0,0.0,3756.8597
2021-03-01,0.0,0.0,0.0,3787.8695
2021-03-02,0.0,0.0,0.0,3718.7739
2021-03-03,0.0,0.0,0.0,3817.4128
2021-03-04,1.0,0.0,0.0,3708.6606
2021-03-05,0.0,1.0,0.0,3688.6818
2021-03-08,0.0,0.0,1.0,3573.431
2021-03-09,0.0,0.0,0.0,3509.6137
2021-03-10,0.0,0.0,0.0,3532.0523
2021-03-11,0.0,0.0,0.0,3625.3052
2021-03-12,0.0,0.0,0.0,3632.5784
2021-03-15,0.0,0.0,0.0,3566.8773
2021-03-16,0.0,0.0,0.0,3599.1646
2021-03-17,0.0,0.0,0.0,3590.8339
2021-03-18,0.0,0.0,0.0,3605.6047
2021-03-19,0.0,0.0,0.0,3512.0203
2021-03-22,0.0,0.0,0.0,3538.4271
2021-03-23,0.0,0.0,0.0,3516.3626
2021-03-24,0.0,0.0,0.0,3466.0422
2021-03-25,0.0,0.0,0.0,3463.8727
2021-03-26,0.0,0.0,0.0,3529.7282
2021-03-29,0.0,0.0,0.0,3537.711
2021-03-30,0.0,0.0,0.0,3577.2434
2021-03-31,0.0,0.0,0.0,3539.3696
2021-04-01,0.0,0.0,0.0,3582.6499
2021-04-02,0.0,0.0,0.0,3616.7636
2021-04-06,0.0,0.0,0.0,3594.7093
2021-04-07,0.0,0.0,0.0,3558.4688
2021-04-08,0.0,0.0,0.0,3573.037
2021-04-09,0.0,0.0,0.0,3514.1106
2021-04-12,0.0,0.0,0.0,3477.0654
2021-04-13,0.0,0.0,0.0,3461.4592
2021-04-14,0.0,0.0,0.0,3469.1727
2021-04-15,0.0,0.0,0.0,3431.4931
2021-04-16,0.0,0.0,0.0,3448.1042
2021-04-19,0.0,0.0,0.0,3513.3953
2021-04-20,0.0,0.0,0.0,3510.1239
2021-04-21,0.0,0.0,0.0,3516.0976
2021-04-22,0.0,0.0,0.0,3487.4271
2021-04-23,0.0,0.0,0.0,3524.0216
2021-04-26,0.0,0.0,0.0,3467.6605
2021-04-27,0.0,0.0,0.0,3476.3018
2021-04-28,0.0,0.0,0.0,3473.0389
2021-04-29,0.0,0.0,0.0,3517.2104
2021-04-30,0.0,0.0,0.0,3491.1877
2021-05-06,0.0,0.0,0.0,3449.9385
2021-05-07,0.0,0.0,0.0,3406.3103
2021-05-10,0.0,0.0,0.0,3399.9849
2021-05-11,0.0,0.0,0.0,3437.7135
2021-05-12,0.0,0.0,0.0,3447.8617
2021-05-13,0.0,0.0,0.0,3413.8886
2021-05-14,0.0,0.0,0.0,3503.037
2021-05-17,0.0,0.0,0.0,3539.9125
2021-05-18,0.0,0.0,0.0,3537.6963
2021-05-19,0.0,0.0,0.0,3511.4674
2021-05-20,0.0,0.0,0.0,3522.4512
2021-05-21,0.0,0.0,0.0,3481.8619
2021-05-24,0.0,0.0,0.0,3497.7469
2021-05-25,0.0,0.0,0.0,3641.2918
2021-05-26,0.0,0.0,0.0,3657.1898
2021-05-27,0.0,0.0,0.0,3664.9417
2021-05-28,0.0,0.0,0.0,3659.2957
2021-05-31,0.0,0.0,0.0,3650.2245
2021-06-01,0.0,0.0,0.0,3650.9034
2021-06-02,0.0,0.0,0.0,3622.3976
2021-06-03,0.0,0.0,0.0,3591.1561
2021-06-04,0.0,0.0,0.0,3612.7014
2021-06-07,0.0,0.0,0.0,3601.1091
2021-06-08,0.0,0.0,0.0,3580.2836
2021-06-09,0.0,0.0,0.0,3587.5321
2021-06-10,0.0,0.0,0.0,3607.6792
2021-06-11,1.0,0.0,0.0,3576.7773
2021-06-15,0.0,1.0,0.0,3528.6683
2021-06-16,0.0,0.0,1.0,3486.2876
2021-06-17,0.0,0.0,0.0,3481.6004
2021-06-18,0.0,0.0,0.0,3454.5885
2021-06-21,0.0,0.0,0.0,3431.2522
2021-06-22,0.0,0.0,0.0,3464.7057
2021-06-23,0.0,0.0,0.0,3471.3411
2021-06-24,0.0,0.0,0.0,3483.9093
2021-06-25,0.0,0.0,0.0,3535.0185
2021-06-28,0.0,0.0,0.0,3520.7434
2021-06-29,0.0,0.0,0.0,3482.7333
2021-06-30,0.0,0.0,0.0,3498.6485
2021-07-01,0.0,0.0,0.0,3535.249
2021-07-02,0.0,0.0,0.0,3408.2369
2021-07-05,0.0,0.0,0.0,3404.7907
2021-07-06,0.0,0.0,0.0,3405.2788
2021-07-07,0.0,0.0,0.0,3424.3897
2021-07-08,0.0,0.0,0.0,3373.2555
2021-07-09,0.0,0.0,0.0,3361.5946
2021-07-12,0.0,0.0,0.0,3384.5074
2021-07-13,0.0,0.0,0.0,3391.742
2021-07-14,1.0,0.0,0.0,3339.381
2021-07-15,0.0,0.0,0.0,3411.2888
2021-07-16,0.0,0.0,0.0,3369.8994
2021-07-19,0.0,0.0,0.0,3385.3664
2021-07-20,0.0,0.0,0.0,3378.6292
2021-07-21,0.0,0.0,0.0,3388.5201
2021-07-22,0.0,0.0,0.0,3392.7165
2021-07-23,0.0,0.0,0.0,3357.447
2021-07-26,0.0,0.0,0.0,3228.3698
2021-07-27,0.0,0.0,0.0,3126.3757
2021-07-28,0.0,0.0,0.0,3154.6353
2021-07-29,0.0,0.0,0.0,3182.796
2021-07-30,0.0,0.0,0.0,3132.8205
2021-08-02,0.0,0.0,0.0,3211.1441
2021-08-03,0.0,0.0,0.0,3223.8257
2021-08-04,0.0,0.0,0.0,3233.103
2021-08-05,0.0,0.0,0.0,3227.3592
2021-08-06,0.0,0.0,0.0,3195.696
2021-08-09,0.0,0.0,0.0,3235.2064
2021-08-10,0.0,0.0,0.0,3288.6513
2021-08-11,0.0,0.0,0.0,3262.5751
2021-08-12,0.0,0.0,0.0,3226.1135
2021-08-13,0.0,0.0,0.0,3217.8366
2021-08-16,0.0,0.0,0.0,3222.6222
2021-08-17,0.0,0.0,0.0,3149.8783
2021-08-18,0.0,0.0,0.0,3190.5518
2021-08-19,0.0,0.0,0.0,3144.3746
2021-08-20,0.0,0.0,0.0,3072.7545
2021-08-23,0.0,0.0,0.0,3099.8867
2021-08-24,0.0,0.0,0.0,3147.7685
2021-08-25,0.0,0.0,0.0,3159.8034
2021-08-26,0.0,0.0,0.0,3088.8314
2021-08-27,0.0,0.0,0.0,3123.049
2021-08-30,0.0,0.0,0.0,3112.7022
2021-08-31,0.0,0.0,0.0,3097.0584
2021-09-01,0.0,0.0,0.0,3165.0371
2021-09-02,0.0,0.0,0.0,3167.0972
2021-09-03,0.0,0.0,0.0,3175.8791
2021-09-06,0.0,0.0,0.0,3211.198
2021-09-07,0.0,0.0,0.0,3248.0524
2021-09-08,0.0,0.0,0.0,3213.2567
2021-09-09,0.0,0.0,0.0,3204.2782
2021-09-10,0.0,0.0,0.0,3252.3246
2021-09-13,0.0,0.0,0.0,3242.0364
2021-09-14,0.0,0.0,0.0,3188.2607
2021-09-15,0.0,0.0,0.0,3146.6337
2021-09-16,0.0,0.0,0.0,3128.5886
2021-09-17,0.0,0.0,0.0,3161.9221
2021-09-22,0.0,0.0,0.0,3122.3371
2021-09-23,0.0,0.0,0.0,3127.8207
2021-09-24,0.0,0.0,0.0,3145.112
2021-09-27,0.0,0.0,0.0,3199.9747
2021-09-28,0.0,0.0,0.0,3211.1538
2021-09-29,0.0,0.0,0.0,3199.2259
2021-09-30,0.0,0.0,0.0,3196.9905
2021-10-08,0.0,0.0,0.0,3256.2613
2021-10-11,0.0,0.0,0.0,3276.4071
2021-10-12,0.0,0.0,0.0,3259.3796
2021-10-13,-1.0,0.0,0.0,3292.7624
2021-10-14,0.0,-1.0,0.0,3270.692
2021-10-15,0.0,0.0,0.0,3294.8333
2021-10-18,0.0,0.0,0.0,3229.6313
2021-10-19,0.0,0.0,0.0,3256.668
2021-10-20,0.0,0.0,0.0,3254.9981
2021-10-21,0.0,0.0,0.0,3278.5419
2021-10-22,0.0,0.0,0.0,3318.1275
2021-10-25,0.0,0.0,0.0,3312.3031
2021-10-26,0.0,0.0,0.0,3290.0363
2021-10-27,0.0,0.0,0.0,3247.0966
2021-10-28,0.0,0.0,0.0,3239.6104
2021-10-29,0.0,0.0,0.0,3267.2491
2021-11-01,0.0,0.0,0.0,3250.915
2021-11-02,0.0,0.0,0.0,3212.0258
2021-11-03,0.0,0.0,0.0,3181.4505
2021-11-04,0.0,0.0,0.0,3207.2639
2021-11-05,0.0,0.0,0.0,3201.5462
2021-11-08,1.0,0.0,0.0,3196.2701
2021-11-09,0.0,0.0,0.0,3186.9577
2021-11-10,0.0,0.0,0.0,3170.4046
2021-11-11,0.0,0.0,0.0,3233.3702
2021-11-12,0.0,0.0,0.0,3220.5481
2021-11-15,0.0,0.0,0.0,3221.6866
2021-11-16,0.0,0.0,0.0,3222.1731
2021-11-17,0.0,0.0,0.0,3208.7759
2021-11-18,0.0,0.0,0.0,3173.3758
2021-11-19,0.0,0.0,0.0,3212.9077
2021-11-22,0.0,0.0,0.0,3212.1514
2021-11-23,0.0,0.0,0.0,3224.1546
2021-11-24,0.0,0.0,0.0,3231.8354
2021-11-25,0.0,0.0,0.0,3218.0514
2021-11-26,0.0,0.0,0.0,3187.3579
2021-11-29,0.0,0.0,0.0,3187.0485
2021-11-30,0.0,0.0,0.0,3165.3496
2021-12-01,0.0,0.0,0.0,3180.418
2021-12-02,0.0,0.0,0.0,3190.8718
2021-12-03,0.0,0.0,0.0,3221.4223
2021-12-06,0.0,0.0,0.0,3228.1422
2021-12-07,0.0,0.0,0.0,3254.4994
2021-12-08,0.0,0.0,0.0,3304.708
2021-12-09,0.0,0.0,0.0,3360.1836
2021-12-10,0.0,0.0,0.0,3353.6302
2021-12-13,0.0,0.0,0.0,3366.0678
2021-12-14,-1.0,0.0,0.0,3350.4973
2021-12-15,0.0,0.0,0.0,3318.9801
2021-12-16,0.0,0.0,0.0,3330.8561
2021-12-17,0.0,0.0,0.0,3278.8985
2021-12-20,0.0,0.0,0.0,3255.3515
2021-12-21,0.0,0.0,0.0,3273.0313
2021-12-22,0.0,0.0,0.0,3260.5711
2021-12-23,0.0,0.0,0.0,3287.1877
2021-12-24,0.0,0.0,0.0,3290.2357
2021-12-27,0.0,0.0,0.0,3278.4365
2021-12-28,0.0,0.0,0.0,3303.4002
2021-12-29,0.0,0.0,0.0,3240.8452
2021-12-30,0.0,0.0,0.0,3261.7937
2021-12-31,0.0,0.0,0.0,3274.3209
2022-01-04,0.0,0.0,0.0,3264.0657
2022-01-05,0.0,0.0,0.0,3254.2793
2022-01-06,0.0,0.0,0.0,3210.3853
2022-01-07,0.0,0.0,0.0,3223.267
2022-01-10,0.0,0.0,0.0,3236.1163
2022-01-11,0.0,0.0,0.0,3214.5287
2022-01-12,0.0,0.0,0.0,3236.3081
2022-01-13,0.0,0.0,0.0,3184.1069
2022-01-14,0.0,0.0,0.0,3139.0453
2022-01-17,0.0,0.0,0.0,3147.6987
2022-01-18,0.0,0.0,0.0,3187.5244
2022-01-19,0.0,0.0,0.0,3187.1921
2022-01-20,0.0,0.0,0.0,3233.7011
2022-01-21,0.0,0.0,0.0,3218.7352
2022-01-24,0.0,0.0,0.0,3209.7445
2022-01-25,0.0,0.0,0.0,3144.949
2022-01-26,0.0,0.0,0.0,3163.6743
2022-01-27,0.0,0.0,0.0,3119.2386
2022-01-28,0.0,0.0,0.0,3054.0209
2022-02-07,0.0,0.0,0.0,3114.2603
2022-02-08,0.0,0.0,0.0,3116.5048
2022-02-09,0.0,0.0,0.0,3139.5636
2022-02-10,0.0,0.0,0.0,3145.1126
2022-02-11,0.0,0.0,0.0,3142.9117
2022-02-14,0.0,0.0,0.0,3103.997
2022-02-15,0.0,0.0,0.0,3119.9276
2022-02-16,0.0,0.0,0.0,3136.0821
2022-02-17,0.0,0.0,0.0,3139.1771
2022-02-18,0.0,0.0,0.0,3162.8215
2022-02-21,0.0,0.0,0.0,3144.8649
2022-02-22,0.0,0.0,0.0,3102.3249
2022-02-23,0.0,0.0,0.0,3118.0376
2022-02-24,0.0,0.0,0.0,3059.6409
2022-02-25,0.0,0.0,0.0,3075.5872
2022-02-28,0.0,0.0,0.0,3080.7774
2022-03-01,0.0,0.0,0.0,3125.6905
2022-03-02,0.0,0.0,0.0,3107.2405
2022-03-03,0.0,0.0,0.0,3097.0887
2022-03-04,0.0,0.0,0.0,3062.3824
2022-03-07,0.0,0.0,0.0,2974.6762
2022-03-08,0.0,0.0,0.0,2933.1637
2022-03-09,0.0,0.0,0.0,2907.1781
2022-03-10,0.0,0.0,0.0,2933.4611
2022-03-11,0.0,0.0,0.0,2935.684
2022-03-14,0.0,0.0,0.0,2851.8769
2022-03-15,0.0,0.0,0.0,2702.8532
2022-03-16,1.0,0.0,0.0,2827.7497
2022-03-17,0.0,1.0,0.0,2877.2192
2022-03-18,0.0,0.0,0.0,2913.1854
2022-03-21,0.0,0.0,0.0,2892.1069
2022-03-22,0.0,0.0,0.0,2900.7676
2022-03-23,0.0,0.0,0.0,2916.5081
2022-03-24,0.0,0.0,0.0,2903.617
2022-03-25,0.0,0.0,0.0,2856.4277
2022-03-28,0.0,0.0,0.0,2853.1819
2022-03-29,0.0,0.0,0.0,2842.1531
2022-03-30,0.0,0.0,0.0,2915.4906
2022-03-31,0.0,0.0,0.0,2898.8261
2022-04-01,0.0,0.0,0.0,2943.2437
2022-04-06,0.0,0.0,0.0,2931.1983
2022-04-07,0.0,0.0,0.0,2902.4818
2022-04-08,0.0,0.0,0.0,2925.4913
2022-04-11,0.0,0.0,0.0,2846.38
2022-04-12,0.0,0.0,0.0,2894.2583
2022-04-13,0.0,0.0,0.0,2882.2788
2022-04-14,0.0,0.0,0.0,2928.5962
2022-04-15,0.0,0.0,0.0,2930.5784
2022-04-18,0.0,0.0,0.0,2887.7208
2022-04-19,0.0,0.0,0.0,2861.567
2022-04-20,0.0,0.0,0.0,2835.3517
2022-04-21,0.0,0.0,0.0,2797.5293
2022-04-22,0.0,0.0,0.0,2814.1273
2022-04-25,0.0,0.0,0.0,2683.4127
2022-04-26,0.0,0.0,0.0,2681.0281
2022-04-27,0.0,0.0,0.0,2734.5403
2022-04-28,1.0,0.0,0.0,2769.7122
2022-04-29,0.0,0.0,0.0,2805.3359
2022-05-05,0.0,0.0,0.0,2800.9291
2022-05-06,0.0,0.0,0.0,2719.7611
2022-05-09,0.0,0.0,0.0,2695.1325
2022-05-10,0.0,0.0,0.0,2718.3706
2022-05-11,0.0,0.0,0.0,2741.2324
2022-05-12,0.0,0.0,0.0,2721.7699
2022-05-13,0.0,0.0,0.0,2748.2369
2022-05-16,0.0,0.0,0.0,2720.4055
2022-05-17,0.0,0.0,0.0,2756.74
2022-05-18,0.0,0.0,0.0,2745.5279
2022-05-19,0.0,0.0,0.0,2744.545
2022-05-20,0.0,0.0,0.0,2807.942
2022-05-23,0.0,0.0,0.0,2782.5478
2022-05-24,0.0,0.0,0.0,2734.1923
2022-05-25,0.0,0.0,0.0,2743.4166
2022-05-26,0.0,0.0,0.0,2744.8984
2022-05-27,0.0,0.0,0.0,2763.0717
2022-05-30,0.0,0.0,0.0,2778.4507
2022-05-31,0.0,0.0,0.0,2813.2188
2022-06-01,0.0,0.0,0.0,2798.0681
2022-06-02,0.0,0.0,0.0,2790.3164
2022-06-06,0.0,0.0,0.0,2825.6505
2022-06-07,0.0,0.0,0.0,2846.8098
2022-06-08,0.0,0.0,0.0,2879.3113
2022-06-09,0.0,0.0,0.0,2868.4236
2022-06-10,-1.0,0.0,0.0,2899.5785
2022-06-13,0.0,0.0,0.0,2844.7236
2022-06-14,0.0,0.0,0.0,2882.7031
2022-06-15,0.0,0.0,0.0,2923.9889
2022-06-16,0.0,0.0,0.0,2891.3354
2022-06-17,0.0,0.0,0.0,2936.1999
2022-06-20,0.0,0.0,0.0,2924.9151
2022-06-21,0.0,0.0,0.0,2926.475
2022-06-22,0.0,0.0,0.0,2892.2861
2022-06-23,0.0,0.0,0.0,2935.8829
2022-06-24,0.0,0.0,0.0,2974.7537
2022-06-27,0.0,0.0,0.0,3013.948
2022-06-28,0.0,0.0,0.0,3039.4133
2022-06-29,0.0,0.0,0.0,3009.2359
2022-06-30,0.0,0.0,0.0,3058.3976
2022-07-01,0.0,0.0,0.0,3045.2687
2022-07-04,0.0,0.0,0.0,3050.1516
2022-07-05,0.0,0.0,0.0,3052.1113
2022-07-06,0.0,0.0,0.0,2996.7279
2022-07-07,0.0,0.0,0.0,2989.2081
2022-07-08,0.0,0.0,0.0,2993.3063
2022-07-11,0.0,0.0,0.0,2942.2959
2022-07-12,0.0,0.0,0.0,2922.0045
2022-07-13,0.0,0.0,0.0,2914.2949
2022-07-14,0.0,0.0,0.0,2895.299
2022-07-15,0.0,0.0,0.0,2839.3936
2022-07-18,1.0,0.0,0.0,2878.6393
2022-07-19,0.0,1.0,0.0,2865.6029
2022-07-20,0.0,0.0,1.0,2874.0775
2022-07-21,0.0,0.0,0.0,2836.6615
2022-07-22,0.0,0.0,0.0,2848.436
2022-07-25,0.0,0.0,0.0,2837.2596
2022-07-26,0.0,0.0,0.0,2854.6387
2022-07-27,0.0,0.0,0.0,2829.9217
2022-07-28,0.0,0.0,0.0,2827.1067
2022-07-29,0.0,0.0,0.0,2792.3287
2022-08-01,0.0,0.0,0.0,2781.6822
2022-08-02,0.0,0.0,0.0,2730.7553
2022-08-03,0.0,0.0,0.0,2710.7238
2022-08-04,0.0,0.0,0.0,2741.0872
2022-08-05,0.0,0.0,0.0,2774.3351
2022-08-08,0.0,0.0,0.0,2761.1571
2022-08-09,0.0,0.0,0.0,2764.068
2022-08-10,0.0,0.0,0.0,2730.9608
2022-08-11,0.0,0.0,0.0,2787.0631
2022-08-12,0.0,0.0,0.0,2796.8887
2022-08-15,0.0,0.0,0.0,2782.666
2022-08-16,0.0,0.0,0.0,2769.2609
2022-08-17,0.0,0.0,0.0,2785.8529
2022-08-18,0.0,0.0,0.0,2759.2944
2022-08-19,0.0,0.0,0.0,2750.6305
2022-08-22,0.0,0.0,0.0,2756.3688
2022-08-23,0.0,0.0,0.0,2735.666
2022-08-24,0.0,0.0,0.0,2708.0902
2022-08-25,0.0,0.0,0.0,2752.556
2022-08-26,0.0,0.0,0.0,2751.5894
2022-08-29,0.0,0.0,0.0,2732.2055
2022-08-30,0.0,0.0,0.0,2726.6602
2022-08-31,0.0,0.0,0.0,2761.7831
2022-09-01,0.0,0.0,0.0,2732.399
2022-09-02,0.0,0.0,0.0,2711.2642
2022-09-05,0.0,0.0,0.0,2697.7665
2022-09-06,0.0,0.0,0.0,2724.498
2022-09-07,0.0,0.0,0.0,2710.6862
2022-09-08,0.0,0.0,0.0,2708.2782
2022-09-09,0.0,0.0,0.0,2757.5659
2022-09-13,0.0,0.0,0.0,2769.2348
2022-09-14,0.0,0.0,0.0,2745.4284
2022-09-15,0.0,0.0,0.0,2743.7886
2022-09-16,0.0,0.0,0.0,2678.0331
2022-09-19,0.0,0.0,0.0,2679.5857
2022-09-20,0.0,0.0,0.0,2673.8804
2022-09-21,0.0,0.0,0.0,2652.2142
2022-09-22,0.0,0.0,0.0,2629.3701
2022-09-23,0.0,0.0,0.0,2629.8089
2022-09-26,0.0,0.0,0.0,2614.8998
2022-09-27,0.0,0.0,0.0,2642.9212
2022-09-28,1.0,0.0,0.0,2611.9815
2022-09-29,0.0,1.0,0.0,2608.9774
2022-09-30,0.0,0.0,1.0,2610.1165
2022-10-10,0.0,0.0,0.0,2545.0494
2022-10-11,0.0,0.0,0.0,2539.9455
2022-10-12,0.0,0.0,0.0,2555.024
2022-10-13,0.0,0.0,0.0,2523.6321
2022-10-14,0.0,0.0,0.0,2584.6847
2022-10-17,0.0,0.0,0.0,2585.4973
2022-10-18,0.0,0.0,0.0,2569.9675
2022-10-19,0.0,0.0,0.0,2519.9033
2022-10-20,0.0,0.0,0.0,2501.4956
2022-10-21,0.0,0.0,0.0,2487.221
2022-10-24,0.0,0.0,0.0,2392.5978
2022-10-25,0.0,0.0,0.0,2394.92
2022-10-26,0.0,0.0,0.0,2400.5156
2022-10-27,0.0,0.0,0.0,2381.2628
2022-10-28,0.0,0.0,0.0,2326.9417
2022-10-31,1.0,0.0,0.0,2295.9239
2022-11-01,0.0,1.0,0.0,2396.6294
2022-11-02,0.0,0.0,0.0,2418.3222
2022-11-03,0.0,0.0,0.0,2387.4523
2022-11-04,0.0,0.0,0.0,2468.2764
2022-11-07,0.0,0.0,0.0,2477.7666
2022-11-08,0.0,0.0,0.0,2459.0913
2022-11-09,0.0,0.0,0.0,2440.352
2022-11-10,0.0,0.0,0.0,2440.3171
2022-11-11,0.0,0.0,0.0,2518.0491
2022-11-14,0.0,0.0,0.0,2538.2967
2022-11-15,0.0,0.0,0.0,2583.7231
2022-11-16,0.0,0.0,0.0,2572.8872
2022-11-17,0.0,0.0,0.0,2560.0167
2022-11-18,0.0,0.0,0.0,2546.7154
2022-11-21,0.0,0.0,0.0,2514.8539
2022-11-22,0.0,0.0,0.0,2531.3437
2022-11-23,0.0,0.0,0.0,2535.5226
2022-11-24,0.0,0.0,0.0,2520.5634
2022-11-25,0.0,0.0,0.0,2544.6147
2022-11-28,0.0,0.0,0.0,2503.6228
2022-11-29,0.0,0.0,0.0,2607.7499
2022-11-30,0.0,0.0,0.0,2606.5427
2022-12-01,0.0,0.0,0.0,2631.2051
2022-12-02,0.0,0.0,0.0,2614.6137
2022-12-05,0.0,0.0,0.0,2676.1429
2022-12-06,0.0,0.0,0.0,2684.8458
2022-12-07,0.0,0.0,0.0,2670.647
2022-12-08,0.0,0.0,0.0,2672.8957
2022-12-09,-1.0,0.0,0.0,2706.7388
2022-12-12,0.0,0.0,0.0,2673.9391
2022-12-13,0.0,0.0,0.0,2676.8995
2022-12-14,0.0,0.0,0.0,2686.3682
2022-12-15,0.0,0.0,0.0,2675.1875
2022-12-16,0.0,0.0,0.0,2688.2899
2022-12-19,0.0,0.0,0.0,2646.1789
2022-12-20,0.0,0.0,0.0,2599.4882
2022-12-21,0.0,0.0,0.0,2607.4236
2022-12-22,0.0,0.0,0.0,2619.7569
2022-12-23,0.0,0.0,0.0,2615.8794
2022-12-26,0.0,0.0,0.0,2607.5229
2022-12-27,0.0,0.0,0.0,2632.4526
2022-12-28,0.0,0.0,0.0,2638.3055
2022-12-29,0.0,0.0,0.0,2622.0716
2022-12-30,0.0,0.0,0.0,2635.2484
2023-01-03,0.0,0.0,0.0,2641.4218
2023-01-04,0.0,0.0,0.0,2651.005
2023-01-05,0.0,0.0,0.0,2700.3082
2023-01-06,-1.0,0.0,0.0,2713.6307
2023-01-09,0.0,-1.0,0.0,2742.2014
2023-01-10,0.0,0.0,0.0,2733.6188
2023-01-11,0.0,0.0,0.0,2740.1927
2023-01-12,0.0,0.0,0.0,2741.9454
2023-01-13,0.0,0.0,0.0,2787.3561
2023-01-16,0.0,0.0,0.0,2834.2913
2023-01-17,0.0,0.0,0.0,2827.0272
2023-01-18,0.0,0.0,0.0,2810.086
2023-01-19,0.0,0.0,0.0,2820.8067
2023-01-20,0.0,0.0,0.0,2836.807
2023-01-30,0.0,0.0,0.0,2839.1216
2023-01-31,0.0,0.0,0.0,2807.9519
2023-02-01,0.0,0.0,0.0,2820.8742
2023-02-02,0.0,0.0,0.0,2811.8468
2023-02-03,0.0,0.0,0.0,2774.8009
2023-02-06,0.0,0.0,0.0,2735.0045
2023-02-07,0.0,0.0,0.0,2740.4446
2023-02-08,0.0,0.0,0.0,2731.2516
2023-02-09,0.0,0.0,0.0,2761.872
2023-02-10,0.0,0.0,0.0,2746.7231
2023-02-13,0.0,0.0,0.0,2767.7933
2023-02-14,0.0,0.0,0.0,2776.9822
2023-02-15,0.0,0.0,0.0,2752.3385
2023-02-16,0.0,0.0,0.0,2742.8042
2023-02-17,0.0,0.0,0.0,2714.2891
2023-02-20,0.0,0.0,0.0,2788.3958
2023-02-21,0.0,0.0,0.0,2802.1357
2023-02-22,0.0,0.0,0.0,2769.344
2023-02-23,0.0,0.0,0.0,2767.5352
2023-02-24,0.0,0.0,0.0,2727.5902
2023-02-27,0.0,0.0,0.0,2723.5835
2023-02-28,0.0,0.0,0.0,2737.1547
2023-03-01,0.0,0.0,0.0,2773.6494
2023-03-02,0.0,0.0,0.0,2769.1077
2023-03-03,0.0,0.0,0.0,2774.5079
2023-03-06,0.0,0.0,0.0,2744.1406
2023-03-07,0.0,0.0,0.0,2713.1681
2023-03-08,0.0,0.0,0.0,2691.9327
2023-03-09,0.0,0.0,0.0,2671.8434
2023-03-10,0.0,0.0,0.0,2636.3891
2023-03-13,0.0,0.0,0.0,2664.0378
2023-03-14,0.0,0.0,0.0,2645.1143
2023-03-15,0.0,0.0,0.0,2648.3852
2023-03-16,0.0,0.0,0.0,2622.8232
2023-03-17,1.0,0.0,0.0,2628.5911
2023-03-20,0.0,1.0,0.0,2616.7505
2023-03-21,0.0,0.0,1.0,2643.3583
2023-03-22,0.0,0.0,0.0,2651.5343
2023-03-23,0.0,0.0,0.0,2668.6691
2023-03-24,0.0,0.0,0.0,2653.285
2023-03-27,0.0,0.0,0.0,2639.6226
2023-03-28,0.0,0.0,0.0,2638.7377
2023-03-29,0.0,0.0,0.0,2636.2229
2023-03-30,0.0,0.0,0.0,2664.2119
2023-03-31,0.0,0.0,0.0,2661.9197
2023-04-03,0.0,0.0,0.0,2665.7232
2023-04-04,0.0,0.0,0.0,2675.9173
2023-04-06,0.0,0.0,0.0,2666.4478
2023-04-07,0.0,0.0,0.0,2684.8618
2023-04-10,0.0,0.0,0.0,2684.9086
2023-04-11,0.0,0.0,0.0,2680.0435
2023-04-12,0.0,0.0,0.0,2665.7695
2023-04-13,0.0,0.0,0.0,2670.0139
2023-04-14,0.0,0.0,0.0,2679.0072
2023-04-17,0.0,0.0,0.0,2732.974
2023-04-18,0.0,0.0,0.0,2744.4539
2023-04-19,0.0,0.0,0.0,2720.718
2023-04-20,0.0,0.0,0.0,2704.8577
2023-04-21,0.0,0.0,0.0,2654.211
2023-04-24,0.0,0.0,0.0,2618.4783
2023-04-25,0.0,0.0,0.0,2619.2326
2023-04-26,0.0,0.0,0.0,2617.9775
2023-04-27,0.0,0.0,0.0,2650.5699
2023-04-28,0.0,0.0,0.0,2677.7565
2023-05-04,0.0,0.0,0.0,2692.691
2023-05-05,0.0,0.0,0.0,2685.1732
2023-05-08,0.0,0.0,0.0,2720.323
2023-05-09,0.0,0.0,0.0,2703.937
2023-05-10,0.0,0.0,0.0,2673.9063
2023-05-11,0.0,0.0,0.0,2666.0615
2023-05-12,0.0,0.0,0.0,2630.9479
2023-05-15,0.0,0.0,0.0,2677.0372
2023-05-16,0.0,0.0,0.0,2670.4505
2023-05-17,0.0,0.0,0.0,2649.3562
2023-05-18,0.0,0.0,0.0,2644.2176
2023-05-19,0.0,0.0,0.0,2633.3861
2023-05-22,0.0,0.0,0.0,2658.7887
2023-05-23,0.0,0.0,0.0,2617.5398
2023-05-24,0.0,0.0,0.0,2577.3423
2023-05-25,0.0,0.0,0.0,2564.5045
2023-05-26,0.0,0.0,0.0,2559.6142
2023-05-29,0.0,0.0,0.0,2548.2861
2023-05-30,0.0,0.0,0.0,2535.1442
2023-05-31,1.0,0.0,0.0,2493.3496
2023-06-01,0.0,1.0,0.0,2500.3396
2023-06-02,0.0,0.0,1.0,2543.5764
2023-06-05,0.0,0.0,0.0,2528.399
2023-06-06,0.0,0.0,0.0,2519.1892
2023-06-07,0.0,0.0,0.0,2511.3925
2023-06-08,0.0,0.0,0.0,2540.0645
2023-06-09,0.0,0.0,0.0,2543.9316
2023-06-12,0.0,0.0,0.0,2542.1962
2023-06-13,0.0,0.0,0.0,2544.9504
2023-06-14,0.0,0.0,0.0,2541.8134
2023-06-15,0.0,0.0,0.0,2576.7424
2023-06-16,0.0,0.0,0.0,2600.9191
2023-06-19,0.0,0.0,0.0,2560.5289
2023-06-20,0.0,0.0,0.0,2547.2541
2023-06-21,0.0,0.0,0.0,2519.0787
2023-06-26,0.0,0.0,0.0,2488.7383
2023-06-27,0.0,0.0,0.0,2506.5991
2023-06-28,0.0,0.0,0.0,2510.7153
2023-06-29,0.0,0.0,0.0,2490.8971
2023-06-30,0.0,0.0,0.0,2492.102
2023-07-03,0.0,0.0,0.0,2534.4735
2023-07-04,0.0,0.0,0.0,2537.5956
2023-07-05,0.0,0.0,0.0,2520.1751
2023-07-06,0.0,0.0,0.0,2501.3167
2023-07-07,0.0,0.0,0.0,2489.5351
2023-07-10,0.0,0.0,0.0,2503.2767
2023-07-11,0.0,0.0,0.0,2518.5282
2023-07-12,0.0,0.0,0.0,2513.417
2023-07-13,0.0,0.0,0.0,2546.3809
2023-07-14,0.0,0.0,0.0,2547.9393
2023-07-17,0.0,0.0,0.0,2520.7864
2023-07-18,0.0,0.0,0.0,2511.6351
2023-07-19,0.0,0.0,0.0,2517.106
2023-07-20,0.0,0.0,0.0,2506.863
2023-07-21,0.0,0.0,0.0,2509.2927
2023-07-24,0.0,0.0,0.0,2499.9998
2023-07-25,0.0,0.0,0.0,2578.3511
2023-07-26,0.0,0.0,0.0,2576.3902
2023-07-27,0.0,0.0,0.0,2575.3646
2023-07-28,0.0,0.0,0.0,2647.0315
2023-07-31,0.0,0.0,0.0,2653.369
2023-08-01,0.0,0.0,0.0,2645.8929
2023-08-02,0.0,0.0,0.0,2620.6844
2023-08-03,0.0,0.0,0.0,2645.1526
2023-08-04,0.0,0.0,0.0,2648.8447
