,ret,position
2002-12-31,,
2003-01-02,,
2003-01-03,,
2003-01-06,,
2003-01-07,,
2003-01-08,,
2003-01-09,,
2003-01-10,,
2003-01-13,,
2003-01-14,,
2003-01-15,,
2003-01-16,,
2003-01-17,,
2003-01-20,,
2003-01-21,,
2003-01-22,,
2003-01-23,,
2003-01-24,,
2003-01-27,,
2003-01-28,,
2003-01-29,,
2003-02-10,,
2003-02-11,,
2003-02-12,,
2003-02-13,,
2003-02-14,,
2003-02-17,,
2003-02-18,,
2003-02-19,,
2003-02-20,,
2003-02-21,,
2003-02-24,,
2003-02-25,,
2003-02-26,,
2003-02-27,,
2003-02-28,,
2003-03-03,,
2003-03-04,,
2003-03-05,,
2003-03-06,,
2003-03-07,,
2003-03-10,,
2003-03-11,,
2003-03-12,,
2003-03-13,,
2003-03-14,,
2003-03-17,,
2003-03-18,,
2003-03-19,,
2003-03-20,,
2003-03-21,,
2003-03-24,,
2003-03-25,,
2003-03-26,,
2003-03-27,,
2003-03-28,,
2003-03-31,,
2003-04-01,,
2003-04-02,,
2003-04-03,,
2003-04-04,,
2003-04-07,,
2003-04-08,,
2003-04-09,,
2003-04-10,,
2003-04-11,,
2003-04-14,,
2003-04-15,,
2003-04-16,,
2003-04-17,,
2003-04-18,,
2003-04-21,,
2003-04-22,,
2003-04-23,,
2003-04-24,,
2003-04-25,,
2003-04-28,,
2003-04-29,,
2003-04-30,,
2003-05-12,,
2003-05-13,,
2003-05-14,,
2003-05-15,,
2003-05-16,,
2003-05-19,,
2003-05-20,,
2003-05-21,,
2003-05-22,,
2003-05-23,,
2003-05-26,,
2003-05-27,,
2003-05-28,,
2003-05-29,,
2003-05-30,,
2003-06-02,,
2003-06-03,,
2003-06-04,,
2003-06-05,,
2003-06-06,,
2003-06-09,,
2003-06-10,,
2003-06-11,,
2003-06-12,,
2003-06-13,,
2003-06-16,,
2003-06-17,,
2003-06-18,,
2003-06-19,,
2003-06-20,,
2003-06-23,,
2003-06-24,,
2003-06-25,,
2003-06-26,,
2003-06-27,,
2003-06-30,,
2003-07-01,,
2003-07-02,,
2003-07-03,,
2003-07-04,,
2003-07-07,,
2003-07-08,,
2003-07-09,,
2003-07-10,,
2003-07-11,,
2003-07-14,,
2003-07-15,,
2003-07-16,,
2003-07-17,,
2003-07-18,,
2003-07-21,,
2003-07-22,,
2003-07-23,,
2003-07-24,,
2003-07-25,,
2003-07-28,,
2003-07-29,,
2003-07-30,,
2003-07-31,,
2003-08-01,,
2003-08-04,,
2003-08-05,,
2003-08-06,,
2003-08-07,,
2003-08-08,,
2003-08-11,,
2003-08-12,,
2003-08-13,,
2003-08-14,,
2003-08-15,,
2003-08-18,,
2003-08-19,,
2003-08-20,,
2003-08-21,,
2003-08-22,,
2003-08-25,,
2003-08-26,,
2003-08-27,,
2003-08-28,,
2003-08-29,,
2003-09-01,,
2003-09-02,,
2003-09-03,,
2003-09-04,,
2003-09-05,,
2003-09-08,,
2003-09-09,,
2003-09-10,,
2003-09-11,,
2003-09-12,,
2003-09-15,,
2003-09-16,,
2003-09-17,,
2003-09-18,,
2003-09-19,,
2003-09-22,,
2003-09-23,,
2003-09-24,,
2003-09-25,,
2003-09-26,,
2003-09-29,,
2003-09-30,,
2003-10-08,,
2003-10-09,,
2003-10-10,,
2003-10-13,,
2003-10-14,,
2003-10-15,,
2003-10-16,,
2003-10-17,,
2003-10-20,,
2003-10-21,,
2003-10-22,,
2003-10-23,,
2003-10-24,,
2003-10-27,,
2003-10-28,,
2003-10-29,,
2003-10-30,,
2003-10-31,,
2003-11-03,,
2003-11-04,,
2003-11-05,,
2003-11-06,,
2003-11-07,,
2003-11-10,,
2003-11-11,,
2003-11-12,,
2003-11-13,,
2003-11-14,,
2003-11-17,,
2003-11-18,,
2003-11-19,,
2003-11-20,,
2003-11-21,,
2003-11-24,,
2003-11-25,,
2003-11-26,,
2003-11-27,,
2003-11-28,,
2003-12-01,,
2003-12-02,,
2003-12-03,,
2003-12-04,,
2003-12-05,,
2003-12-08,,
2003-12-09,,
2003-12-10,,
2003-12-11,,
2003-12-12,,
2003-12-15,,
2003-12-16,,
2003-12-17,,
2003-12-18,,
2003-12-19,,
2003-12-22,,
2003-12-23,,
2003-12-24,,
2003-12-25,,
2003-12-26,,
2003-12-29,,
2003-12-30,,
2003-12-31,,
2004-01-02,,
2004-01-05,,
2004-01-06,,
2004-01-07,,
2004-01-08,,
2004-01-09,,
2004-01-12,,
2004-01-13,,
2004-01-14,,
2004-01-15,,
2004-01-16,,
2004-01-29,,
2004-01-30,,
2004-02-02,,
2004-02-03,,
2004-02-04,,
2004-02-05,,
2004-02-06,,
2004-02-09,,
2004-02-10,,
2004-02-11,,
2004-02-12,,
2004-02-13,,
2004-02-16,,
2004-02-17,,
2004-02-18,,
2004-02-19,,
2004-02-20,,
2004-02-23,,
2004-02-24,,
2004-02-25,,
2004-02-26,,
2004-02-27,,
2004-03-01,,
2004-03-02,,
2004-03-03,,
2004-03-04,,
2004-03-05,,
2004-03-08,,
2004-03-09,,
2004-03-10,,
2004-03-11,,
2004-03-12,,
2004-03-15,,
2004-03-16,,
2004-03-17,,
2004-03-18,,
2004-03-19,,
2004-03-22,,
2004-03-23,,
2004-03-24,,
2004-03-25,,
2004-03-26,,
2004-03-29,,
2004-03-30,,
2004-03-31,,
2004-04-01,,
2004-04-02,,
2004-04-05,,
2004-04-06,,
2004-04-07,,
2004-04-08,,
2004-04-09,,
2004-04-12,,
2004-04-13,,
2004-04-14,,
2004-04-15,,
2004-04-16,,
2004-04-19,,
2004-04-20,,
2004-04-21,,
2004-04-22,,
2004-04-23,,
2004-04-26,,
2004-04-27,,
2004-04-28,,
2004-04-29,,
2004-04-30,,
2004-05-10,,
2004-05-11,,
2004-05-12,,
2004-05-13,,
2004-05-14,,
2004-05-17,,
2004-05-18,,
2004-05-19,,
2004-05-20,,
2004-05-21,,
2004-05-24,,
2004-05-25,,
2004-05-26,,
2004-05-27,,
2004-05-28,,
2004-05-31,,
2004-06-01,,
2004-06-02,,
2004-06-03,,
2004-06-04,,
2004-06-07,,
2004-06-08,,
2004-06-09,,
2004-06-10,,
2004-06-11,,
2004-06-14,,
2004-06-15,,
2004-06-16,,
2004-06-17,,
2004-06-18,,
2004-06-21,,
2004-06-22,,
2004-06-23,,
2004-06-24,,
2004-06-25,,
2004-06-28,,
2004-06-29,,
2004-06-30,,
2004-07-01,,
2004-07-02,,
2004-07-05,,
2004-07-06,,
2004-07-07,,
2004-07-08,,
2004-07-09,,
2004-07-12,,
2004-07-13,,
2004-07-14,,
2004-07-15,,
2004-07-16,,
2004-07-19,,
2004-07-20,,
2004-07-21,,
2004-07-22,,
2004-07-23,,
2004-07-26,,
2004-07-27,,
2004-07-28,,
2004-07-29,,
2004-07-30,,
2004-08-02,,
2004-08-03,,
2004-08-04,,
2004-08-05,,
2004-08-06,,
2004-08-09,,
2004-08-10,,
2004-08-11,,
2004-08-12,,
2004-08-13,,
2004-08-16,,
2004-08-17,,
2004-08-18,,
2004-08-19,,
2004-08-20,,
2004-08-23,,
2004-08-24,,
2004-08-25,,
2004-08-26,,
2004-08-27,,
2004-08-30,,
2004-08-31,,
2004-09-01,,
2004-09-02,,
2004-09-03,,
2004-09-06,,
2004-09-07,,
2004-09-08,,
2004-09-09,,
2004-09-10,,
2004-09-13,,
2004-09-14,,
2004-09-15,,
2004-09-16,,
2004-09-17,,
2004-09-20,,
2004-09-21,,
2004-09-22,,
2004-09-23,,
2004-09-24,,
2004-09-27,,
2004-09-28,,
2004-09-29,,
2004-09-30,,
2004-10-08,,
2004-10-11,,
2004-10-12,,
2004-10-13,,
2004-10-14,,
2004-10-15,,
2004-10-18,,
2004-10-19,,
2004-10-20,,
2004-10-21,,
2004-10-22,,
2004-10-25,,
2004-10-26,,
2004-10-27,,
2004-10-28,,
2004-10-29,,
2004-11-01,,
2004-11-02,,
2004-11-03,,
2004-11-04,,
2004-11-05,,
2004-11-08,,
2004-11-09,,
2004-11-10,,
2004-11-11,,
2004-11-12,,
2004-11-15,,
2004-11-16,,
2004-11-17,,
2004-11-18,,
2004-11-19,,
2004-11-22,,
2004-11-23,,
2004-11-24,,
2004-11-25,,
2004-11-26,,
2004-11-29,,
2004-11-30,,
2004-12-01,,
2004-12-02,,
2004-12-03,,
2004-12-06,,
2004-12-07,,
2004-12-08,,
2004-12-09,,
2004-12-10,,
2004-12-13,,
2004-12-14,,
2004-12-15,,
2004-12-16,,
2004-12-17,,
2004-12-20,,
2004-12-21,,
2004-12-22,,
2004-12-23,,
2004-12-24,,
2004-12-27,,
2004-12-28,,
2004-12-29,,
2004-12-30,,
2004-12-31,,
2005-01-04,,
2005-01-05,,
2005-01-06,,
2005-01-07,,
2005-01-10,,
2005-01-11,,
2005-01-12,,
2005-01-13,,
2005-01-14,,
2005-01-17,,
2005-01-18,,
2005-01-19,,
2005-01-20,,
2005-01-21,,
2005-01-24,,
2005-01-25,,
2005-01-26,,
2005-01-27,,
2005-01-28,,
2005-01-31,,
2005-02-01,,
2005-02-02,,
2005-02-03,,
2005-02-04,,
2005-02-16,,
2005-02-17,,
2005-02-18,,
2005-02-21,,
2005-02-22,,
2005-02-23,,
2005-02-24,,
2005-02-25,,
2005-02-28,,
2005-03-01,,
2005-03-02,,
2005-03-03,,
2005-03-04,,
2005-03-07,,
2005-03-08,,
2005-03-09,,
2005-03-10,,
2005-03-11,,
2005-03-14,,
2005-03-15,,
2005-03-16,,
2005-03-17,,
2005-03-18,,
2005-03-21,,
2005-03-22,,
2005-03-23,,
2005-03-24,,
2005-03-25,,
2005-03-28,,
2005-03-29,,
2005-03-30,,
2005-03-31,,
2005-04-01,,
2005-04-04,,
2005-04-05,,
2005-04-06,,
2005-04-07,,
2005-04-08,,
2005-04-11,,
2005-04-12,,
2005-04-13,,
2005-04-14,,
2005-04-15,,
2005-04-18,,
2005-04-19,,
2005-04-20,,
2005-04-21,,
2005-04-22,,
2005-04-25,,
2005-04-26,,
2005-04-27,,
2005-04-28,,
2005-04-29,,
2005-05-09,,
2005-05-10,,
2005-05-11,,
2005-05-12,,
2005-05-13,,
2005-05-16,,
2005-05-17,,
2005-05-18,,
2005-05-19,,
2005-05-20,,
2005-05-23,,
2005-05-24,,
2005-05-25,,
2005-05-26,,
2005-05-27,,
2005-05-30,,
2005-05-31,,
2005-06-01,,
2005-06-02,,
2005-06-03,,
2005-06-06,,
2005-06-07,,
2005-06-08,,
2005-06-09,,
2005-06-10,,
2005-06-13,,
2005-06-14,,
2005-06-15,,
2005-06-16,,
2005-06-17,,
2005-06-20,,
2005-06-21,,
2005-06-22,,
2005-06-23,,
2005-06-24,,
2005-06-27,,
2005-06-28,,
2005-06-29,,
2005-06-30,,
2005-07-01,,
2005-07-04,,
2005-07-05,,
2005-07-06,,
2005-07-07,,
2005-07-08,,
2005-07-11,,
2005-07-12,,
2005-07-13,,
2005-07-14,,
2005-07-15,,
2005-07-18,,
2005-07-19,,
2005-07-20,,
2005-07-21,,
2005-07-22,,
2005-07-25,,
2005-07-26,,
2005-07-27,,
2005-07-28,,
2005-07-29,,
2005-08-01,,
2005-08-02,,
2005-08-03,,
2005-08-04,,
2005-08-05,,
2005-08-08,,
2005-08-09,,
2005-08-10,,
2005-08-11,,
2005-08-12,,
2005-08-15,,
2005-08-16,,
2005-08-17,,
2005-08-18,,
2005-08-19,,
2005-08-22,,
2005-08-23,,
2005-08-24,,
2005-08-25,,
2005-08-26,,
2005-08-29,,
2005-08-30,,
2005-08-31,,
2005-09-01,,
2005-09-02,,
2005-09-05,,
2005-09-06,,
2005-09-07,,
2005-09-08,,
2005-09-09,,
2005-09-12,,
2005-09-13,,
2005-09-14,,
2005-09-15,,
2005-09-16,,
2005-09-19,,
2005-09-20,,
2005-09-21,,
2005-09-22,,
2005-09-23,,
2005-09-26,,
2005-09-27,,
2005-09-28,,
2005-09-29,,
2005-09-30,,
2005-10-10,,
2005-10-11,,
2005-10-12,,
2005-10-13,,
2005-10-14,,
2005-10-17,,
2005-10-18,,
2005-10-19,,
2005-10-20,,
2005-10-21,,
2005-10-24,,
2005-10-25,,
2005-10-26,,
2005-10-27,,
2005-10-28,,
2005-10-31,,
2005-11-01,,
2005-11-02,,
2005-11-03,,
2005-11-04,,
2005-11-07,,
2005-11-08,,
2005-11-09,,
2005-11-10,,
2005-11-11,,
2005-11-14,,
2005-11-15,,
2005-11-16,,
2005-11-17,,
2005-11-18,,
2005-11-21,,
2005-11-22,,
2005-11-23,,
2005-11-24,,
2005-11-25,,
2005-11-28,,
2005-11-29,,
2005-11-30,,
2005-12-01,,
2005-12-02,,
2005-12-05,,
2005-12-06,,
2005-12-07,,
2005-12-08,,
2005-12-09,,
2005-12-12,,
2005-12-13,,
2005-12-14,,
2005-12-15,,
2005-12-16,,
2005-12-19,,
2005-12-20,,
2005-12-21,,
2005-12-22,,
2005-12-23,,
2005-12-26,,
2005-12-27,,
2005-12-28,,
2005-12-29,,
2005-12-30,,
2006-01-04,,
2006-01-05,,
2006-01-06,,
2006-01-09,,
2006-01-10,,
2006-01-11,,
2006-01-12,,
2006-01-13,,
2006-01-16,,
2006-01-17,,
2006-01-18,,
2006-01-19,,
2006-01-20,,
2006-01-23,,
2006-01-24,,
2006-01-25,,
2006-02-06,,
2006-02-07,,
2006-02-08,,
2006-02-09,,
2006-02-10,,
2006-02-13,,
2006-02-14,,
2006-02-15,,
2006-02-16,,
2006-02-17,,
2006-02-20,,
2006-02-21,,
2006-02-22,,
2006-02-23,,
2006-02-24,,
2006-02-27,,
2006-02-28,,
2006-03-01,,
2006-03-02,,
2006-03-03,,
2006-03-06,,
2006-03-07,,
2006-03-08,,
2006-03-09,,
2006-03-10,,
2006-03-13,,
2006-03-14,,
2006-03-15,,
2006-03-16,,
2006-03-17,,
2006-03-20,,
2006-03-21,,
2006-03-22,,
2006-03-23,,
2006-03-24,,
2006-03-27,,
2006-03-28,,
2006-03-29,,
2006-03-30,,
2006-03-31,,
2006-04-03,,
2006-04-04,,
2006-04-05,,
2006-04-06,,
2006-04-07,,
2006-04-10,,
2006-04-11,,
2006-04-12,,
2006-04-13,,
2006-04-14,,
2006-04-17,,
2006-04-18,,
2006-04-19,,
2006-04-20,,
2006-04-21,,
2006-04-24,,
2006-04-25,,
2006-04-26,,
2006-04-27,,
2006-04-28,,
2006-05-08,,
2006-05-09,,
2006-05-10,,
2006-05-11,,
2006-05-12,,
2006-05-15,,
2006-05-16,,
2006-05-17,,
2006-05-18,,
2006-05-19,,
2006-05-22,,
2006-05-23,,
2006-05-24,,
2006-05-25,,
2006-05-26,,
2006-05-29,,
2006-05-30,,
2006-05-31,,
2006-06-01,,
2006-06-02,,
2006-06-05,,
2006-06-06,,
2006-06-07,,
2006-06-08,,
2006-06-09,,
2006-06-12,,
2006-06-13,,
2006-06-14,,
2006-06-15,,
2006-06-16,,
2006-06-19,,
2006-06-20,,
2006-06-21,,
2006-06-22,,
2006-06-23,,
2006-06-26,,
2006-06-27,,
2006-06-28,,
2006-06-29,,
2006-06-30,,
2006-07-03,,
2006-07-04,,
2006-07-05,,
2006-07-06,,
2006-07-07,,
2006-07-10,,
2006-07-11,,
2006-07-12,,
2006-07-13,,
2006-07-14,,
2006-07-17,,
2006-07-18,,
2006-07-19,,
2006-07-20,,
2006-07-21,,
2006-07-24,,
2006-07-25,,
2006-07-26,,
2006-07-27,,
2006-07-28,,
2006-07-31,,
2006-08-01,,
2006-08-02,,
2006-08-03,,
2006-08-04,,
2006-08-07,,
2006-08-08,,
2006-08-09,,
2006-08-10,,
2006-08-11,,
2006-08-14,,
2006-08-15,,
2006-08-16,,
2006-08-17,,
2006-08-18,,
2006-08-21,,
2006-08-22,,
2006-08-23,,
2006-08-24,,
2006-08-25,,
2006-08-28,,
2006-08-29,,
2006-08-30,,
2006-08-31,,
2006-09-01,,
2006-09-04,,
2006-09-05,,
2006-09-06,,
2006-09-07,,
2006-09-08,,
2006-09-11,,
2006-09-12,,
2006-09-13,,
2006-09-14,,
2006-09-15,,
2006-09-18,,
2006-09-19,,
2006-09-20,,
2006-09-21,,
2006-09-22,,
2006-09-25,,
2006-09-26,,
2006-09-27,,
2006-09-28,,
2006-09-29,,
2006-10-09,,
2006-10-10,,
2006-10-11,,
2006-10-12,,
2006-10-13,,
2006-10-16,,
2006-10-17,,
2006-10-18,,
2006-10-19,,
2006-10-20,,
2006-10-23,,
2006-10-24,,
2006-10-25,,
2006-10-26,,
2006-10-27,,
2006-10-30,,
2006-10-31,,
2006-11-01,,
2006-11-02,,
2006-11-03,,
2006-11-06,,
2006-11-07,,
2006-11-08,,
2006-11-09,,
2006-11-10,,
2006-11-13,,
2006-11-14,,
2006-11-15,,
2006-11-16,,
2006-11-17,,
2006-11-20,,
2006-11-21,,
2006-11-22,,
2006-11-23,,
2006-11-24,,
2006-11-27,,
2006-11-28,,
2006-11-29,,
2006-11-30,,
2006-12-01,,
2006-12-04,,
2006-12-05,,
2006-12-06,,
2006-12-07,,
2006-12-08,,
2006-12-11,,
2006-12-12,,
2006-12-13,,
2006-12-14,,
2006-12-15,,
2006-12-18,,
2006-12-19,,
2006-12-20,,
2006-12-21,,
2006-12-22,,
2006-12-25,,
2006-12-26,,
2006-12-27,,
2006-12-28,,
2006-12-29,,
2007-01-04,,
2007-01-05,,
2007-01-08,,
2007-01-09,,
2007-01-10,,
2007-01-11,,
2007-01-12,,
2007-01-15,,
2007-01-16,,
2007-01-17,,
2007-01-18,,
2007-01-19,,
2007-01-22,,
2007-01-23,,
2007-01-24,,
2007-01-25,,
2007-01-26,,
2007-01-29,,
2007-01-30,,
2007-01-31,,
2007-02-01,,
2007-02-02,,
2007-02-05,,
2007-02-06,,
2007-02-07,,
2007-02-08,,
2007-02-09,,
2007-02-12,,
2007-02-13,,
2007-02-14,,
2007-02-15,,
2007-02-16,,
2007-02-26,,
2007-02-27,,
2007-02-28,,
2007-03-01,,
2007-03-02,,
2007-03-05,,
2007-03-06,,
2007-03-07,,
2007-03-08,,
2007-03-09,,
2007-03-12,,
2007-03-13,,
2007-03-14,,
2007-03-15,,
2007-03-16,,
2007-03-19,,
2007-03-20,,
2007-03-21,,
2007-03-22,,
2007-03-23,,
2007-03-26,,
2007-03-27,,
2007-03-28,,
2007-03-29,,
2007-03-30,,
2007-04-02,,
2007-04-03,,
2007-04-04,,
2007-04-05,,
2007-04-06,,
2007-04-09,,
2007-04-10,,
2007-04-11,,
2007-04-12,,
2007-04-13,,
2007-04-16,,
2007-04-17,,
2007-04-18,,
2007-04-19,,
2007-04-20,,
2007-04-23,,
2007-04-24,,
2007-04-25,,
2007-04-26,,
2007-04-27,,
2007-04-30,,
2007-05-08,,
2007-05-09,,
2007-05-10,,
2007-05-11,,
2007-05-14,,
2007-05-15,,
2007-05-16,,
2007-05-17,,
2007-05-18,,
2007-05-21,,
2007-05-22,,
2007-05-23,,
2007-05-24,,
2007-05-25,,
2007-05-28,,
2007-05-29,,
2007-05-30,,
2007-05-31,,
2007-06-01,,
2007-06-04,,
2007-06-05,,
2007-06-06,,
2007-06-07,,
2007-06-08,,
2007-06-11,,
2007-06-12,,
2007-06-13,,
2007-06-14,,
2007-06-15,,
2007-06-18,,
2007-06-19,,
2007-06-20,,
2007-06-21,,
2007-06-22,,
2007-06-25,,
2007-06-26,,
2007-06-27,,
2007-06-28,,
2007-06-29,,
2007-07-02,,
2007-07-03,,
2007-07-04,,
2007-07-05,,
2007-07-06,,
2007-07-09,,
2007-07-10,,
2007-07-11,,
2007-07-12,,
2007-07-13,,
2007-07-16,,
2007-07-17,,
2007-07-18,,
2007-07-19,,
2007-07-20,,
2007-07-23,,
2007-07-24,,
2007-07-25,,
2007-07-26,,
2007-07-27,,
2007-07-30,,
2007-07-31,,
2007-08-01,,
2007-08-02,,
2007-08-03,,
2007-08-06,,
2007-08-07,,
2007-08-08,,
2007-08-09,,
2007-08-10,,
2007-08-13,,
2007-08-14,,
2007-08-15,,
2007-08-16,,
2007-08-17,,
2007-08-20,,
2007-08-21,,
2007-08-22,,
2007-08-23,,
2007-08-24,,
2007-08-27,,
2007-08-28,,
2007-08-29,,
2007-08-30,,
2007-08-31,,
2007-09-03,,
2007-09-04,,
2007-09-05,,
2007-09-06,,
2007-09-07,,
2007-09-10,,
2007-09-11,,
2007-09-12,,
2007-09-13,,
2007-09-14,,
2007-09-17,,
2007-09-18,,
2007-09-19,,
2007-09-20,,
2007-09-21,,
2007-09-24,,
2007-09-25,,
2007-09-26,,
2007-09-27,,
2007-09-28,,
2007-10-08,,
2007-10-09,,
2007-10-10,,
2007-10-11,,
2007-10-12,,
2007-10-15,,
2007-10-16,,
2007-10-17,,
2007-10-18,,
2007-10-19,,
2007-10-22,,
2007-10-23,,
2007-10-24,,
2007-10-25,,
2007-10-26,,
2007-10-29,,
2007-10-30,,
2007-10-31,,
2007-11-01,,
2007-11-02,,
2007-11-05,,
2007-11-06,,
2007-11-07,,
2007-11-08,,
2007-11-09,,
2007-11-12,,
2007-11-13,,
2007-11-14,,
2007-11-15,,
2007-11-16,,
2007-11-19,,
2007-11-20,,
2007-11-21,,
2007-11-22,,
2007-11-23,,
2007-11-26,,
2007-11-27,,
2007-11-28,,
2007-11-29,,
2007-11-30,,
2007-12-03,,
2007-12-04,,
2007-12-05,,
2007-12-06,,
2007-12-07,,
2007-12-10,,
2007-12-11,,
2007-12-12,,
2007-12-13,,
2007-12-14,,
2007-12-17,,
2007-12-18,,
2007-12-19,,
2007-12-20,,
2007-12-21,,
2007-12-24,,
2007-12-25,,
2007-12-26,,
2007-12-27,,
2007-12-28,,
2008-01-02,,
2008-01-03,,
2008-01-04,,
2008-01-07,,
2008-01-08,,
2008-01-09,,
2008-01-10,,
2008-01-11,,
2008-01-14,,
2008-01-15,,
2008-01-16,,
2008-01-17,,
2008-01-18,,
2008-01-21,,
2008-01-22,,
2008-01-23,,
2008-01-24,,
2008-01-25,,
2008-01-28,,
2008-01-29,,
2008-01-30,,
2008-01-31,,
2008-02-01,,
2008-02-04,,
2008-02-05,,
2008-02-13,,
2008-02-14,,
2008-02-15,,
2008-02-18,,
2008-02-19,,
2008-02-20,,
2008-02-21,,
2008-02-22,,
2008-02-25,,
2008-02-26,,
2008-02-27,,
2008-02-28,,
2008-02-29,,
2008-03-03,,
2008-03-04,,
2008-03-05,,
2008-03-06,,
2008-03-07,,
2008-03-10,,
2008-03-11,,
2008-03-12,,
2008-03-13,,
2008-03-14,,
2008-03-17,,
2008-03-18,,
2008-03-19,,
2008-03-20,,
2008-03-21,,
2008-03-24,,
2008-03-25,,
2008-03-26,,
2008-03-27,,
2008-03-28,,
2008-03-31,,
2008-04-01,,
2008-04-02,,
2008-04-03,,
2008-04-07,,
2008-04-08,,
2008-04-09,,
2008-04-10,,
2008-04-11,,
2008-04-14,,
2008-04-15,,
2008-04-16,,
2008-04-17,,
2008-04-18,,
2008-04-21,,
2008-04-22,,
2008-04-23,,
2008-04-24,,
2008-04-25,,
2008-04-28,,
2008-04-29,,
2008-04-30,,
2008-05-05,,
2008-05-06,,
2008-05-07,,
2008-05-08,,
2008-05-09,,
2008-05-12,,
2008-05-13,,
2008-05-14,,
2008-05-15,,
2008-05-16,,
2008-05-19,,
2008-05-20,,
2008-05-21,,
2008-05-22,,
2008-05-23,,
2008-05-26,,
2008-05-27,,
2008-05-28,,
2008-05-29,,
2008-05-30,,
2008-06-02,,
2008-06-03,,
2008-06-04,,
2008-06-05,,
2008-06-06,,
2008-06-10,,
2008-06-11,,
2008-06-12,,
2008-06-13,,
2008-06-16,,
2008-06-17,,
2008-06-18,,
2008-06-19,,
2008-06-20,,
2008-06-23,,
2008-06-24,,
2008-06-25,,
2008-06-26,,
2008-06-27,,
2008-06-30,,
2008-07-01,,
2008-07-02,,
2008-07-03,,
2008-07-04,,
2008-07-07,,
2008-07-08,,
2008-07-09,,
2008-07-10,,
2008-07-11,,
2008-07-14,,
2008-07-15,,
2008-07-16,,
2008-07-17,,
2008-07-18,,
2008-07-21,,
2008-07-22,,
2008-07-23,,
2008-07-24,,
2008-07-25,,
2008-07-28,,
2008-07-29,,
2008-07-30,,
2008-07-31,,
2008-08-01,,
2008-08-04,,
2008-08-05,,
2008-08-06,,
2008-08-07,,
2008-08-08,,
2008-08-11,,
2008-08-12,,
2008-08-13,,
2008-08-14,,
2008-08-15,,
2008-08-18,,
2008-08-19,,
2008-08-20,,
2008-08-21,,
2008-08-22,,
2008-08-25,,
2008-08-26,,
2008-08-27,,
2008-08-28,,
2008-08-29,,
2008-09-01,,
2008-09-02,,
2008-09-03,,
2008-09-04,,
2008-09-05,,
2008-09-08,,
2008-09-09,,
2008-09-10,,
2008-09-11,,
2008-09-12,,
2008-09-16,,
2008-09-17,,
2008-09-18,,
2008-09-19,,
2008-09-22,,
2008-09-23,,
2008-09-24,,
2008-09-25,,
2008-09-26,,
2008-10-06,,
2008-10-07,,
2008-10-08,,
2008-10-09,,
2008-10-10,,
2008-10-13,,
2008-10-14,,
2008-10-15,,
2008-10-16,,
2008-10-17,,
2008-10-20,,
2008-10-21,,
2008-10-22,,
2008-10-23,,
2008-10-24,,
2008-10-27,,
2008-10-28,,
2008-10-29,,
2008-10-30,,
2008-10-31,,
2008-11-03,,
2008-11-04,,
2008-11-05,,
2008-11-06,,
2008-11-07,,
2008-11-10,,
2008-11-11,,
2008-11-12,,
2008-11-13,,
2008-11-14,,
2008-11-17,,
2008-11-18,,
2008-11-19,,
2008-11-20,,
2008-11-21,,
2008-11-24,,
2008-11-25,,
2008-11-26,,
2008-11-27,,
2008-11-28,,
2008-12-01,,
2008-12-02,,
2008-12-03,,
2008-12-04,,
2008-12-05,,
2008-12-08,,
2008-12-09,,
2008-12-10,,
2008-12-11,,
2008-12-12,,
2008-12-15,,
2008-12-16,,
2008-12-17,,
2008-12-18,,
2008-12-19,,
2008-12-22,,
2008-12-23,,
2008-12-24,,
2008-12-25,,
2008-12-26,,
2008-12-29,,
2008-12-30,,
2008-12-31,,
2009-01-05,,
2009-01-06,,
2009-01-07,,
2009-01-08,,
2009-01-09,,
2009-01-12,,
2009-01-13,,
2009-01-14,,
2009-01-15,,
2009-01-16,,
2009-01-19,,
2009-01-20,,
2009-01-21,,
2009-01-22,,
2009-01-23,,
2009-02-02,,
2009-02-03,,
2009-02-04,,
2009-02-05,,
2009-02-06,,
2009-02-09,,
2009-02-10,,
2009-02-11,,
2009-02-12,,
2009-02-13,,
2009-02-16,,
2009-02-17,,
2009-02-18,,
2009-02-19,,
2009-02-20,,
2009-02-23,,
2009-02-24,,
2009-02-25,,
2009-02-26,,
2009-02-27,,
2009-03-02,,
2009-03-03,,
2009-03-04,,
2009-03-05,,
2009-03-06,,
2009-03-09,,
2009-03-10,,
2009-03-11,,
2009-03-12,,
2009-03-13,,
2009-03-16,,
2009-03-17,,
2009-03-18,,
2009-03-19,,
2009-03-20,,
2009-03-23,,
2009-03-24,,
2009-03-25,,
2009-03-26,,
2009-03-27,,
2009-03-30,,
2009-03-31,,
2009-04-01,,
2009-04-02,,
2009-04-03,,
2009-04-07,,
2009-04-08,,
2009-04-09,,
2009-04-10,,
2009-04-13,,
2009-04-14,,
2009-04-15,,
2009-04-16,,
2009-04-17,,
2009-04-20,,
2009-04-21,,
2009-04-22,,
2009-04-23,,
2009-04-24,,
2009-04-27,,
2009-04-28,,
2009-04-29,,
2009-04-30,,
2009-05-04,,
2009-05-05,,
2009-05-06,,
2009-05-07,,
2009-05-08,,
2009-05-11,,
2009-05-12,,
2009-05-13,,
2009-05-14,,
2009-05-15,,
2009-05-18,,
2009-05-19,,
2009-05-20,,
2009-05-21,,
2009-05-22,,
2009-05-25,,
2009-05-26,,
2009-05-27,,
2009-06-01,,
2009-06-02,,
2009-06-03,,
2009-06-04,,
2009-06-05,,
2009-06-08,,
2009-06-09,,
2009-06-10,,
2009-06-11,,
2009-06-12,,
2009-06-15,,
2009-06-16,,
2009-06-17,,
2009-06-18,,
2009-06-19,,
2009-06-22,,
2009-06-23,,
2009-06-24,,
2009-06-25,,
2009-06-26,,
2009-06-29,,
2009-06-30,,
2009-07-01,,
2009-07-02,,
2009-07-03,,
2009-07-06,,
2009-07-07,,
2009-07-08,,
2009-07-09,,
2009-07-10,,
2009-07-13,,
2009-07-14,,
2009-07-15,,
2009-07-16,,
2009-07-17,,
2009-07-20,,
2009-07-21,,
2009-07-22,,
2009-07-23,,
2009-07-24,,
2009-07-27,,
2009-07-28,,
2009-07-29,,
2009-07-30,,
2009-07-31,,
2009-08-03,,
2009-08-04,,
2009-08-05,,
2009-08-06,,
2009-08-07,,
2009-08-10,,
2009-08-11,,
2009-08-12,,
2009-08-13,,
2009-08-14,,
2009-08-17,,
2009-08-18,,
2009-08-19,,
2009-08-20,,
2009-08-21,,
2009-08-24,,
2009-08-25,,
2009-08-26,,
2009-08-27,,
2009-08-28,,
2009-08-31,,
2009-09-01,,
2009-09-02,,
2009-09-03,,
2009-09-04,,
2009-09-07,,
2009-09-08,,
2009-09-09,,
2009-09-10,,
2009-09-11,,
2009-09-14,,
2009-09-15,,
2009-09-16,,
2009-09-17,,
2009-09-18,,
2009-09-21,,
2009-09-22,,
2009-09-23,,
2009-09-24,,
2009-09-25,,
2009-09-28,,
2009-09-29,,
2009-09-30,,
2009-10-09,,
2009-10-12,,
2009-10-13,,
2009-10-14,,
2009-10-15,,
2009-10-16,,
2009-10-19,,
2009-10-20,,
2009-10-21,,
2009-10-22,,
2009-10-23,,
2009-10-26,,
2009-10-27,,
2009-10-28,,
2009-10-29,,
2009-10-30,,
2009-11-02,,
2009-11-03,,
2009-11-04,,
2009-11-05,,
2009-11-06,,
2009-11-09,,
2009-11-10,,
2009-11-11,,
2009-11-12,,
2009-11-13,,
2009-11-16,,
2009-11-17,,
2009-11-18,,
2009-11-19,,
2009-11-20,,
2009-11-23,,
2009-11-24,,
2009-11-25,,
2009-11-26,,
2009-11-27,,
2009-11-30,,
2009-12-01,,
2009-12-02,,
2009-12-03,,
2009-12-04,,
2009-12-07,,
2009-12-08,,
2009-12-09,,
2009-12-10,,
2009-12-11,,
2009-12-14,,
2009-12-15,,
2009-12-16,,
2009-12-17,,
2009-12-18,,
2009-12-21,,
2009-12-22,,
2009-12-23,,
2009-12-24,,
2009-12-25,,
2009-12-28,,
2009-12-29,,
2009-12-30,,
2009-12-31,,
2010-01-04,,
2010-01-05,,
2010-01-06,,
2010-01-07,,
2010-01-08,,
2010-01-11,,
2010-01-12,,
2010-01-13,,
2010-01-14,,
2010-01-15,,
2010-01-18,,
2010-01-19,,
2010-01-20,,
2010-01-21,,
2010-01-22,,
2010-01-25,,
2010-01-26,,
2010-01-27,,
2010-01-28,,
2010-01-29,,
2010-02-01,,
2010-02-02,,
2010-02-03,,
2010-02-04,,
2010-02-05,,
2010-02-08,,
2010-02-09,,
2010-02-10,,
2010-02-11,,
2010-02-12,,
2010-02-22,,
2010-02-23,,
2010-02-24,,
2010-02-25,,
2010-02-26,,
2010-03-01,,
2010-03-02,,
2010-03-03,,
2010-03-04,,
2010-03-05,,
2010-03-08,,
2010-03-09,,
2010-03-10,,
2010-03-11,,
2010-03-12,,
2010-03-15,,
2010-03-16,,
2010-03-17,,
2010-03-18,,
2010-03-19,,
2010-03-22,,
2010-03-23,,
2010-03-24,,
2010-03-25,,
2010-03-26,,
2010-03-29,,
2010-03-30,,
2010-03-31,,
2010-04-01,,
2010-04-02,,
2010-04-06,,
2010-04-07,,
2010-04-08,,
2010-04-09,,
2010-04-12,,
2010-04-13,,
2010-04-14,,
2010-04-15,,
2010-04-16,,
2010-04-19,,
2010-04-20,,
2010-04-21,,
2010-04-22,,
2010-04-23,,
2010-04-26,,
2010-04-27,,
2010-04-28,,
2010-04-29,,
2010-04-30,,
2010-05-04,,
2010-05-05,,
2010-05-06,,
2010-05-07,,
2010-05-10,,
2010-05-11,,
2010-05-12,,
2010-05-13,,
2010-05-14,,
2010-05-17,,
2010-05-18,,
2010-05-19,,
2010-05-20,,
2010-05-21,,
2010-05-24,,
2010-05-25,,
2010-05-26,,
2010-05-27,,
2010-05-28,,
2010-05-31,,
2010-06-01,,
2010-06-02,,
2010-06-03,,
2010-06-04,,
2010-06-07,,
2010-06-08,,
2010-06-09,,
2010-06-10,,
2010-06-11,,
2010-06-17,,
2010-06-18,,
2010-06-21,,
2010-06-22,,
2010-06-23,,
2010-06-24,,
2010-06-25,,
2010-06-28,,
2010-06-29,,
2010-06-30,,
2010-07-01,,
2010-07-02,,
2010-07-05,,
2010-07-06,,
2010-07-07,,
2010-07-08,,
2010-07-09,,
2010-07-12,,
2010-07-13,,
2010-07-14,,
2010-07-15,,
2010-07-16,,
2010-07-19,,
2010-07-20,,
2010-07-21,,
2010-07-22,,
2010-07-23,,
2010-07-26,,
2010-07-27,,
2010-07-28,,
2010-07-29,,
2010-07-30,,
2010-08-02,,
2010-08-03,,
2010-08-04,,
2010-08-05,,
2010-08-06,,
2010-08-09,,
2010-08-10,,
2010-08-11,,
2010-08-12,,
2010-08-13,,
2010-08-16,,
2010-08-17,,
2010-08-18,,
2010-08-19,,
2010-08-20,,
2010-08-23,,
2010-08-24,,
2010-08-25,,
2010-08-26,,
2010-08-27,,
2010-08-30,,
2010-08-31,,
2010-09-01,,
2010-09-02,,
2010-09-03,,
2010-09-06,,
2010-09-07,,
2010-09-08,,
2010-09-09,,
2010-09-10,,
2010-09-13,,
2010-09-14,,
2010-09-15,,
2010-09-16,,
2010-09-17,,
2010-09-20,,
2010-09-21,,
2010-09-27,,
2010-09-28,,
2010-09-29,,
2010-09-30,,
2010-10-08,,
2010-10-11,,
2010-10-12,,
2010-10-13,,
2010-10-14,,
2010-10-15,,
2010-10-18,,
2010-10-19,,
2010-10-20,,
2010-10-21,,
2010-10-22,,
2010-10-25,,
2010-10-26,,
2010-10-27,,
2010-10-28,,
2010-10-29,,
2010-11-01,,
2010-11-02,,
2010-11-03,,
2010-11-04,,
2010-11-05,,
2010-11-08,,
2010-11-09,,
2010-11-10,,
2010-11-11,,
2010-11-12,,
2010-11-15,,
2010-11-16,,
2010-11-17,,
2010-11-18,,
2010-11-19,,
2010-11-22,,
2010-11-23,,
2010-11-24,,
2010-11-25,,
2010-11-26,,
2010-11-29,,
2010-11-30,,
2010-12-01,,
2010-12-02,,
2010-12-03,,
2010-12-06,,
2010-12-07,,
2010-12-08,,
2010-12-09,,
2010-12-10,,
2010-12-13,,
2010-12-14,,
2010-12-15,,
2010-12-16,,
2010-12-17,,
2010-12-20,,
2010-12-21,,
2010-12-22,,
2010-12-23,,
2010-12-24,,
2010-12-27,,
2010-12-28,,
2010-12-29,,
2010-12-30,,
2010-12-31,,
2011-01-04,,
2011-01-05,,
2011-01-06,,
2011-01-07,,
2011-01-10,,
2011-01-11,,
2011-01-12,,
2011-01-13,,
2011-01-14,,
2011-01-17,,
2011-01-18,,
2011-01-19,,
2011-01-20,,
2011-01-21,,
2011-01-24,,
2011-01-25,,
2011-01-26,,
2011-01-27,,
2011-01-28,,
2011-01-31,,
2011-02-01,,
2011-02-09,,
2011-02-10,,
2011-02-11,,
2011-02-14,,
2011-02-15,,
2011-02-16,,
2011-02-17,,
2011-02-18,,
2011-02-21,,
2011-02-22,,
2011-02-23,,
2011-02-24,,
2011-02-25,,
2011-02-28,,
2011-03-01,,
2011-03-02,,
2011-03-03,,
2011-03-04,,
2011-03-07,,
2011-03-08,,
2011-03-09,,
2011-03-10,,
2011-03-11,,
2011-03-14,,
2011-03-15,,
2011-03-16,,
2011-03-17,,
2011-03-18,,
2011-03-21,,
2011-03-22,,
2011-03-23,,
2011-03-24,,
2011-03-25,,
2011-03-28,,
2011-03-29,,
2011-03-30,,
2011-03-31,,
2011-04-01,,
2011-04-06,,
2011-04-07,,
2011-04-08,,
2011-04-11,,
2011-04-12,,
2011-04-13,,
2011-04-14,,
2011-04-15,,
2011-04-18,,
2011-04-19,,
2011-04-20,,
2011-04-21,,
2011-04-22,,
2011-04-25,,
2011-04-26,,
2011-04-27,,
2011-04-28,,
2011-04-29,,
2011-05-03,,
2011-05-04,,
2011-05-05,,
2011-05-06,,
2011-05-09,,
2011-05-10,,
2011-05-11,,
2011-05-12,,
2011-05-13,,
2011-05-16,,
2011-05-17,,
2011-05-18,,
2011-05-19,,
2011-05-20,,
2011-05-23,,
2011-05-24,,
2011-05-25,,
2011-05-26,,
2011-05-27,,
2011-05-30,,
2011-05-31,,
2011-06-01,,
2011-06-02,,
2011-06-03,,
2011-06-07,,
2011-06-08,,
2011-06-09,,
2011-06-10,,
2011-06-13,,
2011-06-14,,
2011-06-15,,
2011-06-16,,
2011-06-17,,
2011-06-20,,
2011-06-21,,
2011-06-22,,
2011-06-23,,
2011-06-24,,
2011-06-27,,
2011-06-28,,
2011-06-29,,
2011-06-30,,
2011-07-01,,
2011-07-04,,
2011-07-05,,
2011-07-06,,
2011-07-07,,
2011-07-08,,
2011-07-11,,
2011-07-12,,
2011-07-13,,
2011-07-14,,
2011-07-15,,
2011-07-18,,
2011-07-19,,
2011-07-20,,
2011-07-21,,
2011-07-22,,
2011-07-25,,
2011-07-26,,
2011-07-27,,
2011-07-28,,
2011-07-29,,
2011-08-01,,
2011-08-02,,
2011-08-03,,
2011-08-04,,
2011-08-05,,
2011-08-08,,
2011-08-09,,
2011-08-10,,
2011-08-11,,
2011-08-12,,
2011-08-15,,
2011-08-16,,
2011-08-17,,
2011-08-18,,
2011-08-19,,
2011-08-22,,
2011-08-23,,
2011-08-24,,
2011-08-25,,
2011-08-26,,
2011-08-29,,
2011-08-30,,
2011-08-31,,
2011-09-01,,
2011-09-02,,
2011-09-05,,
2011-09-06,,
2011-09-07,,
2011-09-08,,
2011-09-09,,
2011-09-13,,
2011-09-14,,
2011-09-15,,
2011-09-16,,
2011-09-19,,
2011-09-20,,
2011-09-21,,
2011-09-22,,
2011-09-23,,
2011-09-26,,
2011-09-27,,
2011-09-28,,
2011-09-29,,
2011-09-30,,
2011-10-10,,
2011-10-11,,
2011-10-12,,
2011-10-13,,
2011-10-14,,
2011-10-17,,
2011-10-18,,
2011-10-19,,
2011-10-20,,
2011-10-21,,
2011-10-24,,
2011-10-25,,
2011-10-26,,
2011-10-27,,
2011-10-28,,
2011-10-31,,
2011-11-01,,
2011-11-02,,
2011-11-03,,
2011-11-04,,
2011-11-07,,
2011-11-08,,
2011-11-09,,
2011-11-10,,
2011-11-11,,
2011-11-14,,
2011-11-15,,
2011-11-16,,
2011-11-17,,
2011-11-18,,
2011-11-21,,
2011-11-22,,
2011-11-23,,
2011-11-24,,
2011-11-25,,
2011-11-28,,
2011-11-29,,
2011-11-30,,
2011-12-01,,
2011-12-02,,
2011-12-05,,
2011-12-06,,
2011-12-07,,
2011-12-08,,
2011-12-09,,
2011-12-12,,
2011-12-13,,
2011-12-14,,
2011-12-15,,
2011-12-16,,
2011-12-19,,
2011-12-20,,
2011-12-21,,
2011-12-22,,
2011-12-23,,
2011-12-26,,
2011-12-27,,
2011-12-28,,
2011-12-29,,
2011-12-30,,
2012-01-04,,
2012-01-05,,
2012-01-06,,
2012-01-09,,
2012-01-10,,
2012-01-11,,
2012-01-12,,
2012-01-13,,
2012-01-16,,
2012-01-17,,
2012-01-18,,
2012-01-19,,
2012-01-20,,
2012-01-30,,
2012-01-31,,
2012-02-01,,
2012-02-02,,
2012-02-03,,
2012-02-06,,
2012-02-07,,
2012-02-08,,
2012-02-09,,
2012-02-10,,
2012-02-13,,
2012-02-14,,
2012-02-15,,
2012-02-16,,
2012-02-17,,
2012-02-20,,
2012-02-21,,
2012-02-22,,
2012-02-23,,
2012-02-24,,
2012-02-27,,
2012-02-28,,
2012-02-29,,
2012-03-01,,
2012-03-02,,
2012-03-05,,
2012-03-06,,
2012-03-07,,
2012-03-08,,
2012-03-09,,
2012-03-12,,
2012-03-13,,
2012-03-14,,
2012-03-15,,
2012-03-16,,
2012-03-19,,
2012-03-20,,
2012-03-21,,
2012-03-22,,
2012-03-23,,
2012-03-26,,
2012-03-27,,
2012-03-28,,
2012-03-29,,
2012-03-30,,
2012-04-05,,
2012-04-06,,
2012-04-09,,
2012-04-10,,
2012-04-11,,
2012-04-12,,
2012-04-13,,
2012-04-16,,
2012-04-17,,
2012-04-18,,
2012-04-19,,
2012-04-20,,
2012-04-23,,
2012-04-24,,
2012-04-25,,
2012-04-26,,
2012-04-27,,
2012-05-02,,
2012-05-03,,
2012-05-04,,
2012-05-07,,
2012-05-08,,
2012-05-09,,
2012-05-10,,
2012-05-11,,
2012-05-14,,
2012-05-15,,
2012-05-16,,
2012-05-17,,
2012-05-18,,
2012-05-21,,
2012-05-22,,
2012-05-23,,
2012-05-24,,
2012-05-25,,
2012-05-28,,
2012-05-29,,
2012-05-30,,
2012-05-31,,
2012-06-01,,
2012-06-04,,
2012-06-05,,
2012-06-06,,
2012-06-07,,
2012-06-08,,
2012-06-11,,
2012-06-12,,
2012-06-13,,
2012-06-14,,
2012-06-15,,
2012-06-18,,
2012-06-19,,
2012-06-20,,
2012-06-21,,
2012-06-25,,
2012-06-26,,
2012-06-27,,
2012-06-28,,
2012-06-29,,
2012-07-02,,
2012-07-03,,
2012-07-04,,
2012-07-05,,
2012-07-06,,
2012-07-09,,
2012-07-10,,
2012-07-11,,
2012-07-12,,
2012-07-13,,
2012-07-16,,
2012-07-17,,
2012-07-18,,
2012-07-19,,
2012-07-20,,
2012-07-23,,
2012-07-24,,
2012-07-25,,
2012-07-26,,
2012-07-27,,
2012-07-30,,
2012-07-31,,
2012-08-01,,
2012-08-02,,
2012-08-03,,
2012-08-06,,
2012-08-07,,
2012-08-08,,
2012-08-09,,
2012-08-10,,
2012-08-13,,
2012-08-14,,
2012-08-15,,
2012-08-16,,
2012-08-17,,
2012-08-20,,
2012-08-21,,
2012-08-22,,
2012-08-23,,
2012-08-24,,
2012-08-27,,
2012-08-28,,
2012-08-29,,
2012-08-30,,
2012-08-31,,
2012-09-03,,
2012-09-04,,
2012-09-05,,
2012-09-06,,
2012-09-07,,
2012-09-10,,
2012-09-11,,
2012-09-12,,
2012-09-13,,
2012-09-14,,
2012-09-17,,
2012-09-18,,
2012-09-19,,
2012-09-20,,
2012-09-21,,
2012-09-24,,
2012-09-25,,
2012-09-26,,
2012-09-27,,
2012-09-28,,
2012-10-08,,
2012-10-09,,
2012-10-10,,
2012-10-11,,
2012-10-12,,
2012-10-15,,
2012-10-16,,
2012-10-17,,
2012-10-18,,
2012-10-19,,
2012-10-22,,
2012-10-23,,
2012-10-24,,
2012-10-25,,
2012-10-26,,
2012-10-29,,
2012-10-30,,
2012-10-31,,
2012-11-01,,
2012-11-02,,
2012-11-05,,
2012-11-06,,
2012-11-07,,
2012-11-08,,
2012-11-09,,
2012-11-12,,
2012-11-13,,
2012-11-14,,
2012-11-15,,
2012-11-16,,
2012-11-19,,
2012-11-20,,
2012-11-21,,
2012-11-22,,
2012-11-23,,
2012-11-26,,
2012-11-27,,
2012-11-28,,
2012-11-29,,
2012-11-30,,
2012-12-03,,
2012-12-04,,
2012-12-05,,
2012-12-06,,
2012-12-07,,
2012-12-10,,
2012-12-11,,
2012-12-12,,
2012-12-13,,
2012-12-14,,
2012-12-17,,
2012-12-18,,
2012-12-19,,
2012-12-20,,
2012-12-21,,
2012-12-24,,
2012-12-25,,
2012-12-26,,
2012-12-27,,
2012-12-28,,
2012-12-31,,
2013-01-04,,
2013-01-07,,
2013-01-08,,
2013-01-09,,
2013-01-10,,
2013-01-11,,
2013-01-14,,
2013-01-15,,
2013-01-16,,
2013-01-17,,
2013-01-18,,
2013-01-21,,
2013-01-22,,
2013-01-23,,
2013-01-24,,
2013-01-25,,
2013-01-28,,
2013-01-29,,
2013-01-30,,
2013-01-31,,
2013-02-01,,
2013-02-04,,
2013-02-05,,
2013-02-06,,
2013-02-07,,
2013-02-08,,
2013-02-18,,
2013-02-19,,
2013-02-20,,
2013-02-21,,
2013-02-22,,
2013-02-25,,
2013-02-26,,
2013-02-27,,
2013-02-28,,
2013-03-01,,
2013-03-04,,
2013-03-05,,
2013-03-06,,
2013-03-07,,
2013-03-08,,
2013-03-11,,
2013-03-12,,
2013-03-13,,
2013-03-14,,
2013-03-15,,
2013-03-18,,
2013-03-19,,
2013-03-20,,
2013-03-21,,
2013-03-22,,
2013-03-25,,
2013-03-26,,
2013-03-27,,
2013-03-28,,
2013-03-29,,
2013-04-01,,
2013-04-02,,
2013-04-03,,
2013-04-08,,
2013-04-09,,
2013-04-10,,
2013-04-11,,
2013-04-12,,
2013-04-15,,
2013-04-16,,
2013-04-17,,
2013-04-18,,
2013-04-19,,
2013-04-22,,
2013-04-23,,
2013-04-24,,
2013-04-25,,
2013-04-26,,
2013-05-02,,
2013-05-03,,
2013-05-06,,
2013-05-07,,
2013-05-08,,
2013-05-09,,
2013-05-10,,
2013-05-13,,
2013-05-14,,
2013-05-15,,
2013-05-16,,
2013-05-17,,
2013-05-20,,
2013-05-21,,
2013-05-22,,
2013-05-23,,
2013-05-24,,
2013-05-27,,
2013-05-28,,
2013-05-29,,
2013-05-30,,
2013-05-31,,
2013-06-03,,
2013-06-04,,
2013-06-05,,
2013-06-06,,
2013-06-07,,
2013-06-13,,
2013-06-14,,
2013-06-17,,
2013-06-18,,
2013-06-19,,
2013-06-20,,
2013-06-21,,
2013-06-24,,
2013-06-25,,
2013-06-26,,
2013-06-27,,
2013-06-28,,
2013-07-01,,
2013-07-02,,
2013-07-03,,
2013-07-04,,
2013-07-05,,
2013-07-08,,
2013-07-09,,
2013-07-10,,
2013-07-11,,
2013-07-12,,
2013-07-15,,
2013-07-16,,
2013-07-17,,
2013-07-18,,
2013-07-19,,
2013-07-22,,
2013-07-23,,
2013-07-24,,
2013-07-25,,
2013-07-26,,
2013-07-29,,
2013-07-30,,
2013-07-31,,
2013-08-01,,
2013-08-02,,
2013-08-05,,
2013-08-06,,
2013-08-07,,
2013-08-08,,
2013-08-09,,
2013-08-12,,
2013-08-13,,
2013-08-14,,
2013-08-15,,
2013-08-16,,
2013-08-19,,
2013-08-20,,
2013-08-21,,
2013-08-22,,
2013-08-23,,
2013-08-26,,
2013-08-27,,
2013-08-28,,
2013-08-29,,
2013-08-30,,
2013-09-02,,
2013-09-03,,
2013-09-04,,
2013-09-05,,
2013-09-06,,
2013-09-09,,
2013-09-10,,
2013-09-11,,
2013-09-12,,
2013-09-13,,
2013-09-16,,
2013-09-17,,
2013-09-18,,
2013-09-23,,
2013-09-24,,
2013-09-25,,
2013-09-26,,
2013-09-27,,
2013-09-30,,
2013-10-08,,
2013-10-09,,
2013-10-10,,
2013-10-11,,
2013-10-14,,
2013-10-15,,
2013-10-16,,
2013-10-17,,
2013-10-18,,
2013-10-21,,
2013-10-22,,
2013-10-23,,
2013-10-24,,
2013-10-25,,
2013-10-28,,
2013-10-29,,
2013-10-30,,
2013-10-31,,
2013-11-01,,
2013-11-04,,
2013-11-05,,
2013-11-06,,
2013-11-07,,
2013-11-08,,
2013-11-11,,
2013-11-12,,
2013-11-13,,
2013-11-14,,
2013-11-15,,
2013-11-18,,
2013-11-19,,
2013-11-20,,
2013-11-21,,
2013-11-22,,
2013-11-25,,
2013-11-26,,
2013-11-27,,
2013-11-28,,
2013-11-29,,
2013-12-02,,
2013-12-03,,
2013-12-04,,
2013-12-05,,
2013-12-06,,
2013-12-09,,
2013-12-10,,
2013-12-11,,
2013-12-12,,
2013-12-13,,
2013-12-16,,
2013-12-17,,
2013-12-18,,
2013-12-19,,
2013-12-20,,
2013-12-23,,
2013-12-24,,
2013-12-25,,
2013-12-26,,
2013-12-27,,
2013-12-30,,
2013-12-31,,
2014-01-02,,
2014-01-03,,
2014-01-06,,
2014-01-07,,
2014-01-08,,
2014-01-09,,
2014-01-10,,
2014-01-13,,
2014-01-14,,
2014-01-15,,
2014-01-16,,
2014-01-17,,
2014-01-20,,
2014-01-21,,
2014-01-22,,
2014-01-23,,
2014-01-24,,
2014-01-27,,
2014-01-28,,
2014-01-29,,
2014-01-30,,
2014-02-07,,
2014-02-10,,
2014-02-11,,
2014-02-12,,
2014-02-13,,
2014-02-14,,
2014-02-17,,
2014-02-18,,
2014-02-19,,
2014-02-20,,
2014-02-21,,
2014-02-24,,
2014-02-25,,
2014-02-26,,
2014-02-27,,
2014-02-28,,
2014-03-03,,
2014-03-04,,
2014-03-05,,
2014-03-06,,
2014-03-07,,
2014-03-10,,
2014-03-11,,
2014-03-12,,
2014-03-13,,
2014-03-14,,
2014-03-17,,
2014-03-18,,
2014-03-19,,
2014-03-20,,
2014-03-21,,
2014-03-24,,
2014-03-25,,
2014-03-26,,
2014-03-27,,
2014-03-28,,
2014-03-31,,
2014-04-01,,
2014-04-02,,
2014-04-03,,
2014-04-04,,
2014-04-08,,
2014-04-09,,
2014-04-10,,
2014-04-11,,
2014-04-14,,
2014-04-15,,
2014-04-16,,
2014-04-17,,
2014-04-18,,
2014-04-21,,
2014-04-22,,
2014-04-23,,
2014-04-24,,
2014-04-25,,
2014-04-28,,
2014-04-29,,
2014-04-30,,
2014-05-05,,
2014-05-06,,
2014-05-07,,
2014-05-08,,
2014-05-09,,
2014-05-12,,
2014-05-13,,
2014-05-14,,
2014-05-15,,
2014-05-16,,
2014-05-19,,
2014-05-20,,
2014-05-21,,
2014-05-22,,
2014-05-23,,
2014-05-26,,
2014-05-27,,
2014-05-28,,
2014-05-29,,
2014-05-30,,
2014-06-03,,
2014-06-04,,
2014-06-05,,
2014-06-06,,
2014-06-09,,
2014-06-10,,
2014-06-11,,
2014-06-12,,
2014-06-13,,
2014-06-16,,
2014-06-17,,
2014-06-18,,
2014-06-19,,
2014-06-20,,
2014-06-23,,
2014-06-24,,
2014-06-25,,
2014-06-26,,
2014-06-27,,
2014-06-30,,
2014-07-01,,
2014-07-02,,
2014-07-03,,
2014-07-04,,
2014-07-07,,
2014-07-08,,
2014-07-09,,
2014-07-10,,
2014-07-11,,
2014-07-14,,
2014-07-15,,
2014-07-16,,
2014-07-17,,
2014-07-18,,
2014-07-21,,
2014-07-22,,
2014-07-23,,
2014-07-24,,
2014-07-25,,
2014-07-28,,
2014-07-29,,
2014-07-30,,
2014-07-31,,
2014-08-01,,
2014-08-04,,
2014-08-05,,
2014-08-06,,
2014-08-07,,
2014-08-08,,
2014-08-11,,
2014-08-12,,
2014-08-13,,
2014-08-14,,
2014-08-15,,
2014-08-18,,
2014-08-19,,
2014-08-20,,
2014-08-21,,
2014-08-22,,
2014-08-25,,
2014-08-26,,
2014-08-27,,
2014-08-28,,
2014-08-29,,
2014-09-01,,
2014-09-02,,
2014-09-03,,
2014-09-04,,
2014-09-05,,
2014-09-09,,
2014-09-10,,
2014-09-11,,
2014-09-12,,
2014-09-15,,
2014-09-16,,
2014-09-17,,
2014-09-18,,
2014-09-19,,
2014-09-22,,
2014-09-23,,
2014-09-24,,
2014-09-25,,
2014-09-26,,
2014-09-29,,
2014-09-30,,
2014-10-08,,
2014-10-09,,
2014-10-10,,
2014-10-13,,
2014-10-14,,
2014-10-15,,
2014-10-16,,
2014-10-17,,
2014-10-20,,
2014-10-21,,
2014-10-22,,
2014-10-23,,
2014-10-24,,
2014-10-27,,
2014-10-28,,
2014-10-29,,
2014-10-30,,
2014-10-31,,
2014-11-03,,
2014-11-04,,
2014-11-05,,
2014-11-06,,
2014-11-07,,
2014-11-10,,
2014-11-11,,
2014-11-12,,
2014-11-13,,
2014-11-14,,
2014-11-17,,
2014-11-18,,
2014-11-19,,
2014-11-20,,
2014-11-21,,
2014-11-24,,
2014-11-25,,
2014-11-26,,
2014-11-27,,
2014-11-28,,
2014-12-01,,
2014-12-02,,
2014-12-03,,
2014-12-04,,
2014-12-05,,
2014-12-08,,
2014-12-09,,
2014-12-10,,
2014-12-11,,
2014-12-12,,
2014-12-15,,
2014-12-16,,
2014-12-17,,
2014-12-18,,
2014-12-19,,
2014-12-22,,
2014-12-23,,
2014-12-24,,
2014-12-25,,
2014-12-26,,
2014-12-29,,
2014-12-30,,
2014-12-31,,
2015-01-05,,
2015-01-06,,
2015-01-07,,
2015-01-08,,
2015-01-09,,
2015-01-12,,
2015-01-13,,
2015-01-14,,
2015-01-15,,
2015-01-16,,
2015-01-19,,
2015-01-20,,
2015-01-21,,
2015-01-22,,
2015-01-23,,
2015-01-26,,
2015-01-27,,
2015-01-28,,
2015-01-29,,
2015-01-30,,
2015-02-02,,
2015-02-03,,
2015-02-04,,
2015-02-05,,
2015-02-06,,
2015-02-09,,
2015-02-10,,
2015-02-11,,
2015-02-12,,
2015-02-13,,
2015-02-16,,
2015-02-17,,
2015-02-25,,
2015-02-26,,
2015-02-27,,
2015-03-02,,
2015-03-03,,
2015-03-04,,
2015-03-05,,
2015-03-06,,
2015-03-09,,
2015-03-10,,
2015-03-11,,
2015-03-12,,
2015-03-13,,
2015-03-16,,
2015-03-17,,
2015-03-18,,
2015-03-19,,
2015-03-20,,
2015-03-23,,
2015-03-24,,
2015-03-25,,
2015-03-26,,
2015-03-27,,
2015-03-30,,
2015-03-31,,
2015-04-01,,
2015-04-02,,
2015-04-03,,
2015-04-07,,
2015-04-08,,
2015-04-09,,
2015-04-10,,
2015-04-13,,
2015-04-14,,
2015-04-15,,
2015-04-16,,
2015-04-17,,
2015-04-20,,
2015-04-21,,
2015-04-22,,
2015-04-23,,
2015-04-24,,
2015-04-27,,
2015-04-28,,
2015-04-29,,
2015-04-30,,
2015-05-04,,
2015-05-05,,
2015-05-06,,
2015-05-07,,
2015-05-08,,
2015-05-11,,
2015-05-12,,
2015-05-13,,
2015-05-14,,
2015-05-15,,
2015-05-18,,
2015-05-19,,
2015-05-20,,
2015-05-21,,
2015-05-22,,
2015-05-25,,
2015-05-26,,
2015-05-27,,
2015-05-28,,
2015-05-29,,
2015-06-01,,
2015-06-02,,
2015-06-03,,
2015-06-04,,
2015-06-05,,
2015-06-08,,
2015-06-09,,
2015-06-10,,
2015-06-11,,
2015-06-12,,
2015-06-15,,
2015-06-16,,
2015-06-17,,
2015-06-18,,
2015-06-19,,
2015-06-23,,
2015-06-24,,
2015-06-25,,
2015-06-26,,
2015-06-29,,
2015-06-30,,
2015-07-01,,
2015-07-02,,
2015-07-03,,
2015-07-06,,
2015-07-07,,
2015-07-08,,
2015-07-09,,
2015-07-10,,
2015-07-13,,
2015-07-14,,
2015-07-15,,
2015-07-16,,
2015-07-17,,
2015-07-20,,
2015-07-21,,
2015-07-22,,
2015-07-23,,
2015-07-24,,
2015-07-27,,
2015-07-28,,
2015-07-29,,
2015-07-30,,
2015-07-31,,
2015-08-03,,
2015-08-04,,
2015-08-05,,
2015-08-06,,
2015-08-07,,
2015-08-10,,
2015-08-11,,
2015-08-12,,
2015-08-13,,
2015-08-14,,
2015-08-17,,
2015-08-18,,
2015-08-19,,
2015-08-20,,
2015-08-21,,
2015-08-24,,
2015-08-25,,
2015-08-26,,
2015-08-27,,
2015-08-28,,
2015-08-31,,
2015-09-01,,
2015-09-02,,
2015-09-07,,
2015-09-08,,
2015-09-09,,
2015-09-10,,
2015-09-11,,
2015-09-14,,
2015-09-15,,
2015-09-16,,
2015-09-17,,
2015-09-18,,
2015-09-21,,
2015-09-22,,
2015-09-23,,
2015-09-24,,
2015-09-25,,
2015-09-28,,
2015-09-29,,
2015-09-30,,
2015-10-08,,
2015-10-09,,
2015-10-12,,
2015-10-13,,
2015-10-14,,
2015-10-15,,
2015-10-16,,
2015-10-19,,
2015-10-20,,
2015-10-21,,
2015-10-22,,
2015-10-23,,
2015-10-26,,
2015-10-27,,
2015-10-28,,
2015-10-29,,
2015-10-30,,
2015-11-02,,
2015-11-03,,
2015-11-04,,
2015-11-05,,
2015-11-06,,
2015-11-09,,
2015-11-10,,
2015-11-11,,
2015-11-12,,
2015-11-13,,
2015-11-16,,
2015-11-17,,
2015-11-18,,
2015-11-19,,
2015-11-20,,
2015-11-23,,
2015-11-24,,
2015-11-25,,
2015-11-26,,
2015-11-27,,
2015-11-30,,
2015-12-01,,
2015-12-02,,
2015-12-03,,
2015-12-04,,
2015-12-07,,
2015-12-08,,
2015-12-09,,
2015-12-10,,
2015-12-11,,
2015-12-14,,
2015-12-15,,
2015-12-16,,
2015-12-17,,
2015-12-18,,
2015-12-21,,
2015-12-22,,
2015-12-23,,
2015-12-24,,
2015-12-25,,
2015-12-28,,
2015-12-29,,
2015-12-30,,
2015-12-31,,
2016-01-04,,
2016-01-05,,
2016-01-06,,
2016-01-07,,
2016-01-08,,
2016-01-11,,
2016-01-12,,
2016-01-13,,
2016-01-14,,
2016-01-15,,
2016-01-18,,
2016-01-19,,
2016-01-20,,
2016-01-21,,
2016-01-22,,
2016-01-25,,
2016-01-26,,
2016-01-27,,
2016-01-28,,
2016-01-29,,
2016-02-01,,
2016-02-02,,
2016-02-03,,
2016-02-04,,
2016-02-05,,
2016-02-15,,
2016-02-16,,
2016-02-17,,
2016-02-18,,
2016-02-19,,
2016-02-22,,
2016-02-23,,
2016-02-24,,
2016-02-25,,
2016-02-26,,
2016-02-29,,
2016-03-01,,
2016-03-02,,
2016-03-03,,
2016-03-04,,
2016-03-07,,
2016-03-08,,
2016-03-09,,
2016-03-10,,
2016-03-11,,
2016-03-14,,
2016-03-15,,
2016-03-16,,
2016-03-17,,
2016-03-18,,
2016-03-21,,
2016-03-22,,
2016-03-23,,
2016-03-24,,
2016-03-25,,
2016-03-28,,
2016-03-29,,
2016-03-30,,
2016-03-31,,
2016-04-01,,
2016-04-05,,
2016-04-06,,
2016-04-07,,
2016-04-08,,
2016-04-11,,
2016-04-12,,
2016-04-13,,
2016-04-14,,
2016-04-15,,
2016-04-18,,
2016-04-19,,
2016-04-20,,
2016-04-21,,
2016-04-22,,
2016-04-25,,
2016-04-26,,
2016-04-27,,
2016-04-28,,
2016-04-29,,
2016-05-03,,
2016-05-04,,
2016-05-05,,
2016-05-06,,
2016-05-09,,
2016-05-10,,
2016-05-11,,
2016-05-12,,
2016-05-13,,
2016-05-16,,
2016-05-17,,
2016-05-18,,
2016-05-19,,
2016-05-20,,
2016-05-23,,
2016-05-24,,
2016-05-25,,
2016-05-26,,
2016-05-27,,
2016-05-30,,
2016-05-31,,
2016-06-01,,
2016-06-02,,
2016-06-03,,
2016-06-06,,
2016-06-07,,
2016-06-08,,
2016-06-13,,
2016-06-14,,
2016-06-15,,
2016-06-16,,
2016-06-17,,
2016-06-20,,
2016-06-21,,
2016-06-22,,
2016-06-23,,
2016-06-24,,
2016-06-27,,
2016-06-28,,
2016-06-29,,
2016-06-30,,
2016-07-01,,
2016-07-04,,
2016-07-05,,
2016-07-06,,
2016-07-07,,
2016-07-08,,
2016-07-11,,
2016-07-12,,
2016-07-13,,
2016-07-14,,
2016-07-15,,
2016-07-18,,
2016-07-19,,
2016-07-20,,
2016-07-21,,
2016-07-22,,
2016-07-25,,
2016-07-26,,
2016-07-27,,
2016-07-28,,
2016-07-29,,
2016-08-01,,
2016-08-02,,
2016-08-03,,
2016-08-04,,
2016-08-05,,
2016-08-08,,
2016-08-09,,
2016-08-10,,
2016-08-11,,
2016-08-12,,
2016-08-15,,
2016-08-16,,
2016-08-17,,
2016-08-18,,
2016-08-19,,
2016-08-22,,
2016-08-23,,
2016-08-24,,
2016-08-25,,
2016-08-26,,
2016-08-29,,
2016-08-30,,
2016-08-31,,
2016-09-01,,
2016-09-02,,
2016-09-05,,
2016-09-06,,
2016-09-07,,
2016-09-08,,
2016-09-09,,
2016-09-12,,
2016-09-13,,
2016-09-14,,
2016-09-19,,
2016-09-20,,
2016-09-21,,
2016-09-22,,
2016-09-23,,
2016-09-26,,
2016-09-27,,
2016-09-28,,
2016-09-29,,
2016-09-30,,
2016-10-10,,
2016-10-11,,
2016-10-12,,
2016-10-13,,
2016-10-14,,
2016-10-17,,
2016-10-18,,
2016-10-19,,
2016-10-20,,
2016-10-21,,
2016-10-24,,
2016-10-25,,
2016-10-26,,
2016-10-27,,
2016-10-28,,
2016-10-31,,
2016-11-01,,
2016-11-02,,
2016-11-03,,
2016-11-04,,
2016-11-07,,
2016-11-08,,
2016-11-09,,
2016-11-10,,
2016-11-11,,
2016-11-14,,
2016-11-15,,
2016-11-16,,
2016-11-17,,
2016-11-18,,
2016-11-21,,
2016-11-22,,
2016-11-23,,
2016-11-24,,
2016-11-25,,
2016-11-28,,
2016-11-29,,
2016-11-30,,
2016-12-01,,
2016-12-02,,
2016-12-05,,
2016-12-06,,
2016-12-07,,
2016-12-08,,
2016-12-09,,
2016-12-12,,
2016-12-13,,
2016-12-14,,
2016-12-15,,
2016-12-16,,
2016-12-19,,
2016-12-20,,
2016-12-21,,
2016-12-22,,
2016-12-23,,
2016-12-26,,
2016-12-27,,
2016-12-28,,
2016-12-29,,
2016-12-30,,
2017-01-03,,
2017-01-04,,
2017-01-05,,
2017-01-06,,
2017-01-09,,
2017-01-10,,
2017-01-11,,
2017-01-12,,
2017-01-13,,
2017-01-16,,
2017-01-17,,
2017-01-18,,
2017-01-19,,
2017-01-20,,
2017-01-23,,
2017-01-24,,
2017-01-25,,
2017-01-26,,
2017-02-03,,
2017-02-06,,
2017-02-07,,
2017-02-08,,
2017-02-09,,
2017-02-10,,
2017-02-13,,
2017-02-14,,
2017-02-15,,
2017-02-16,,
2017-02-17,,
2017-02-20,,
2017-02-21,,
2017-02-22,,
2017-02-23,,
2017-02-24,,
2017-02-27,,
2017-02-28,,
2017-03-01,,
2017-03-02,,
2017-03-03,,
2017-03-06,,
2017-03-07,,
2017-03-08,,
2017-03-09,,
2017-03-10,,
2017-03-13,,
2017-03-14,,
2017-03-15,,
2017-03-16,,
2017-03-17,,
2017-03-20,,
2017-03-21,,
2017-03-22,,
2017-03-23,,
2017-03-24,,
2017-03-27,,
2017-03-28,,
2017-03-29,,
2017-03-30,,
2017-03-31,,
2017-04-05,,
2017-04-06,,
2017-04-07,,
2017-04-10,,
2017-04-11,,
2017-04-12,,
2017-04-13,,
2017-04-14,,
2017-04-17,,
2017-04-18,,
2017-04-19,,
2017-04-20,,
2017-04-21,,
2017-04-24,,
2017-04-25,,
2017-04-26,,
2017-04-27,,
2017-04-28,,
2017-05-02,,
2017-05-03,,
2017-05-04,,
2017-05-05,,
2017-05-08,,
2017-05-09,,
2017-05-10,,
2017-05-11,,
2017-05-12,,
2017-05-15,,
2017-05-16,,
2017-05-17,,
2017-05-18,,
2017-05-19,,
2017-05-22,,
2017-05-23,,
2017-05-24,,
2017-05-25,,
2017-05-26,,
2017-05-31,,
2017-06-01,,
2017-06-02,,
2017-06-05,,
2017-06-06,,
2017-06-07,,
2017-06-08,,
2017-06-09,,
2017-06-12,,
2017-06-13,,
2017-06-14,,
2017-06-15,,
2017-06-16,,
2017-06-19,,
2017-06-20,,
2017-06-21,,
2017-06-22,,
2017-06-23,,
2017-06-26,,
2017-06-27,,
2017-06-28,,
2017-06-29,,
2017-06-30,,
2017-07-03,,
2017-07-04,,
2017-07-05,,
2017-07-06,,
2017-07-07,,
2017-07-10,,
2017-07-11,,
2017-07-12,,
2017-07-13,,
2017-07-14,,
2017-07-17,,
2017-07-18,,
2017-07-19,,
2017-07-20,-0.004862984525543901,-1.0
2017-07-21,0.0051460233177422765,-1.0
2017-07-24,-0.003988362809652646,-1.0
2017-07-25,0.006387017644544968,-1.0
2017-07-26,0.0038097527153085897,-1.0
2017-07-27,-0.0018368654686780062,-1.0
2017-07-28,-0.0026121205334408426,-1.0
2017-07-31,-0.004293999550873506,-1.0
2017-08-01,-0.008697352280435888,-1.0
2017-08-02,0.0025276743783151367,-1.0
2017-08-03,0.008781546205281932,-1.0
2017-08-04,0.005431261498657691,-1.0
2017-08-07,-0.005182680366458081,-1.0
2017-08-08,-0.0014538230009335518,-1.0
2017-08-09,0.00031319220830094974,-1.0
2017-08-10,0.0040533427105121644,-1.0
2017-08-11,0.018453165094369006,-1.0
2017-08-14,-0.012977311227824861,-1.0
2017-08-15,-0.00307834249708705,-1.0
2017-08-16,0.0012508983268091356,-1.0
2017-08-17,-0.00536450774158137,-1.0
2017-08-18,-0.000913073657241803,-1.0
2017-08-21,-0.004381402639500154,-1.0
2017-08-22,-0.0030216299993630624,-1.0
2017-08-23,-0.0010101543107716715,-1.0
2017-08-24,0.0057087580792827275,-1.0
2017-08-25,-0.016362622661565407,-1.0
2017-08-28,-0.012371058570069815,-1.0
2017-08-29,0.0021272216634298236,-1.0
2017-08-30,6.183274875182221e-05,-1.0
2017-08-31,0.003183814101163973,-1.0
2017-09-01,-0.0022096533082609504,-1.0
2017-09-04,-0.003936261386552342,-1.0
2017-09-05,-0.0029722414064035085,-1.0
2017-09-06,0.0019695122153573497,-1.0
2017-09-07,0.00508607736393718,-1.0
2017-09-08,0.0010135588629308634,-1.0
2017-09-11,8.996365515379079e-05,-1.0
2017-09-12,-0.0032122162501577733,-1.0
2017-09-13,-0.0012173215793360725,-1.0
2017-09-14,0.003292218788701784,-1.0
2017-09-15,-0.0003501607355531622,-1.0
2017-09-18,-0.0030919820483745752,-1.0
2017-09-19,0.0028691882071100183,-1.0
2017-09-20,-0.0026928202932055,-1.0
2017-09-21,0.001201763891769403,-1.0
2017-09-22,2.2721246575096998e-05,-1.0
2017-09-25,0.005195492627621756,-1.0
2017-09-26,-0.0007832014922763975,-1.0
2017-09-27,-0.0001095063900014015,-1.0
2017-09-28,-0.0003503088035172741,-1.0
2017-09-29,-0.003652729628420337,-1.0
2017-10-09,-0.011913536950971526,-1.0
2017-10-10,-0.001972099585812792,-1.0
2017-10-11,0.0032965422413129275,1.0
2017-10-12,0.00263070047025038,1.0
2017-10-13,0.002056783908707782,1.0
2017-10-16,-0.0019269310696804487,1.0
2017-10-17,-9.643674161152749e-05,1.0
2017-10-18,0.007946141912966054,1.0
2017-10-19,-0.0032739775991994513,1.0
2017-10-20,-0.0011186010961654613,1.0
2017-10-23,0.001004901636221689,1.0
2017-10-24,0.0072751637892569665,1.0
2017-10-25,0.004433429518896359,1.0
2017-10-26,0.004180641994654843,1.0
2017-10-27,0.007109519309915546,1.0
2017-10-30,-0.0030447286547012897,1.0
2017-10-31,-0.0007491542181304878,1.0
2017-11-01,-0.0025197181962822723,1.0
2017-11-02,0.00012815822641831787,1.0
2017-11-03,-0.0011098951566376192,1.0
2017-11-06,0.0070608146937438665,1.0
2017-11-07,0.008295900489284858,1.0
2017-11-08,-0.0015393242616106306,1.0
2017-11-09,0.006890825277247048,1.0
2017-11-10,0.00883520247480063,1.0
2017-11-13,0.003930556671554619,1.0
2017-11-14,-0.006957797963519807,1.0
2017-11-15,-0.006264747761291822,1.0
2017-11-16,0.007693947491470565,1.0
2017-11-17,0.0038583563771137364,1.0
2017-11-20,0.005577149262477654,1.0
2017-11-21,0.017826030361162593,1.0
2017-11-22,0.0023389753874236696,1.0
2017-11-23,-0.029608049226238053,1.0
2017-11-24,0.00044042548202205545,1.0
2017-11-27,-0.013219593356411208,1.0
2017-11-28,0.0014508830052735178,1.0
2017-11-29,-0.0005105251744805805,1.0
2017-11-30,-0.011755427914710848,1.0
2017-12-01,-0.0019876691523846857,1.0
2017-12-04,0.005182564427202552,1.0
2017-12-05,0.005303323673787608,1.0
2017-12-06,-0.00602680025575153,1.0
2017-12-07,-0.011146960704997544,1.0
2017-12-08,0.008139470376261837,1.0
2017-12-11,0.016516172137778007,1.0
2017-12-12,-0.013142500047364614,1.0
2017-12-13,0.00848512492342235,1.0
2017-12-14,-0.005911247414164156,1.0
2017-12-15,-0.011250396035757948,1.0
2017-12-18,0.0011142327737669877,1.0
2017-12-19,0.012555669078552212,1.0
2017-12-20,-0.0011993072981849595,1.0
2017-12-21,0.009269022340659516,1.0
2017-12-22,-0.003257274699389634,1.0
2017-12-25,-0.003220614894930085,1.0
2017-12-26,0.0029895286700236667,1.0
2017-12-27,-0.015397314757289782,1.0
2017-12-28,0.006937724986736393,1.0
2017-12-29,0.002975318553790407,1.0
2018-01-02,0.014028364057460774,1.0
2018-01-03,0.005869573067601053,1.0
2018-01-04,0.004236861355368049,1.0
2018-01-05,0.002407133151306917,1.0
2018-01-08,0.005172817254869511,1.0
2018-01-09,0.007004106453130099,1.0
2018-01-10,0.004419714550245368,1.0
2018-01-11,-0.0005292297671388724,1.0
2018-01-12,0.004616407467372685,1.0
2018-01-15,5.6402353514339865e-05,1.0
2018-01-16,0.007865519001491794,1.0
2018-01-17,-0.002431998512142708,1.0
2018-01-18,0.0054848779567340245,1.0
2018-01-19,0.0032724973128355206,1.0
2018-01-22,0.011948116801368203,1.0
2018-01-23,0.010610968866973991,1.0
2018-01-24,0.001659375392246032,1.0
2018-01-25,-0.0056506943359090345,1.0
2018-01-26,0.003715900333909339,1.0
2018-01-29,-0.018095429949597563,1.0
2018-01-30,-0.010673130361771421,1.0
2018-01-31,0.004651321687043186,1.0
2018-02-01,-0.007016256185308212,1.0
2018-02-02,0.005966888793225378,1.0
2018-02-05,0.0006821918338044686,1.0
2018-02-06,-0.029306623657065156,1.0
2018-02-07,-0.02371441622781789,1.0
2018-02-08,-0.009492661789767376,1.0
2018-02-09,-0.04271996102139575,1.0
2018-02-12,0.012875910388877365,1.0
2018-02-13,0.01170348992672321,1.0
2018-02-14,0.007960347109653876,1.0
2018-02-22,0.02162153632248609,1.0
2018-02-23,0.004529214999891895,1.0
2018-02-26,0.01162580851525985,1.0
2018-02-27,-0.014432238626738925,1.0
2018-02-28,-0.0087063978576295,1.0
2018-03-01,0.006323823829732289,1.0
2018-03-02,-0.008057447429559605,1.0
2018-03-05,0.00040732376089303024,1.0
2018-03-06,0.012062351904396529,1.0
2018-03-07,-0.007355372951523331,1.0
2018-03-08,0.010143674453512608,1.0
2018-03-09,0.007667524826674432,1.0
2018-03-12,0.004575715942202185,1.0
2018-03-13,-0.008821667798621813,1.0
2018-03-14,-0.004377289472641488,1.0
2018-03-15,0.005601784695510759,1.0
2018-03-16,-0.009701787480267843,1.0
2018-03-19,0.004394339978285311,1.0
2018-03-20,0.0008483038059614589,1.0
2018-03-21,-0.004084136462966903,1.0
2018-03-22,-0.010022333631827585,1.0
2018-03-23,-0.028707333617056685,1.0
2018-03-26,-0.006413038064265075,1.0
2018-03-27,0.008602273310114539,1.0
2018-03-28,-0.018029274706882537,1.0
2018-03-29,0.01335886042044998,1.0
2018-03-30,0.0011422298708148038,1.0
2018-04-02,-0.0029700671620249697,1.0
2018-04-03,-0.006287576517225557,1.0
2018-04-04,-0.001972075140539209,1.0
2018-04-09,-0.0005015224278428487,1.0
2018-04-10,0.019269417148905843,1.0
2018-04-11,0.0028444125798485764,1.0
2018-04-12,-0.010082411807969871,1.0
2018-04-13,-0.007051467290324243,1.0
2018-04-16,-0.016088602018788145,1.0
2018-04-17,-0.01581096510953528,1.0
2018-04-18,0.004705918507218021,1.0
2018-04-19,0.012097076108480431,1.0
2018-04-20,-0.013376390370747115,1.0
2018-04-23,0.0014548290264793096,1.0
2018-04-24,0.02048758024299402,1.0
2018-04-25,-0.003847312048746554,1.0
2018-04-26,-0.01912068621698515,1.0
2018-04-27,0.0003681006981210988,1.0
2018-05-02,0.0018019224214584906,1.0
2018-05-03,0.007799351804092414,1.0
2018-05-04,-0.004851568551237362,1.0
2018-05-07,0.015787005244346286,1.0
2018-05-08,0.011603239977010071,1.0
2018-05-09,-0.0018205951529808306,1.0
2018-05-10,0.0055380762013745866,1.0
2018-05-11,-0.005193400095785949,1.0
2018-05-14,0.009412993049567886,1.0
2018-05-15,0.0037869248643993547,1.0
2018-05-16,-0.007964455521301317,1.0
2018-05-17,-0.00739652000457669,1.0
2018-05-18,0.010096399615046492,1.0
2018-05-21,0.004657469464308228,1.0
2018-05-22,-0.003833989235196733,1.0
2018-05-23,-0.013216295363270514,1.0
2018-05-24,-0.00709947186238713,1.0
2018-05-25,-0.0028007296163243822,1.0
2018-05-28,0.004391958282173869,1.0
2018-05-29,-0.007630737482736238,1.0
2018-05-30,-0.021197871414247005,1.0
2018-05-31,0.021218264388488173,1.0
2018-06-01,-0.008359720563135276,1.0
2018-06-04,0.009809872945317766,1.0
2018-06-05,0.009911365967778751,1.0
2018-06-06,-0.0020714290246701683,1.0
2018-06-07,-0.0016517383567012933,1.0
2018-06-08,-0.013416008424717352,1.0
2018-06-11,9.680877890261286e-05,1.0
2018-06-12,0.01216185749889065,1.0
2018-06-13,-0.009831353408538579,1.0
2018-06-14,-0.003952550076628647,1.0
2018-06-15,-0.005282207620756596,1.0
2018-06-19,-0.03525230683434455,1.0
2018-06-20,0.003956514407738254,1.0
2018-06-21,-0.01168457131338796,1.0
2018-06-22,0.004436336006612862,1.0
2018-06-25,-0.013418725449267921,1.0
2018-06-26,-0.00824791010487158,1.0
2018-06-27,-0.020347447568346166,1.0
2018-06-28,-0.010330700295880901,1.0
2018-06-29,0.025546472488666927,1.0
2018-07-02,-0.0293423966981341,1.0
2018-07-03,0.0003862423656024738,1.0
2018-07-04,-0.013355546820573605,1.0
2018-07-05,-0.0063350180912817855,1.0
2018-07-06,0.0067869024582325466,1.0
2018-07-09,0.02795172966501336,1.0
2018-07-10,0.0024086029313794555,1.0
2018-07-11,-0.017299360305671252,1.0
2018-07-12,0.021577566880781607,1.0
2018-07-13,0.003342031939217005,1.0
2018-07-16,-0.005899121241718097,1.0
2018-07-17,-0.006540333578728519,1.0
2018-07-18,-0.00523416211963823,1.0
2018-07-19,-0.000868382329648032,1.0
2018-07-20,0.01882857112021763,1.0
2018-07-23,0.009406670194209932,1.0
2018-07-24,-0.01587049428883258,-1.0
2018-07-25,0.0011038036988912925,-1.0
2018-07-26,0.011601306541017542,-1.0
2018-07-27,0.004247074920361915,-1.0
2018-07-30,0.0017458403489988283,-1.0
2018-07-31,-0.0007332409048854682,-1.0
2018-08-01,0.019975968093305818,-1.0
2018-08-02,0.022170494172951027,-1.0
2018-08-03,0.01651578027717282,-1.0
2018-08-06,0.01267194643571845,-1.0
2018-08-07,-0.029205234589674056,-1.0
2018-08-08,0.01613657044299266,-1.0
2018-08-09,-0.025048155721475895,-1.0
2018-08-10,-0.0022043368096433813,-1.0
2018-08-13,0.004309814297370651,-1.0
2018-08-14,0.005141189061015905,-1.0
2018-08-15,0.023996374410646726,-1.0
2018-08-16,0.0046319900266587055,-1.0
2018-08-17,0.014376477312303959,-1.0
2018-08-20,-0.011651526288017022,-1.0
2018-08-21,-0.0181801526164298,-1.0
2018-08-22,0.0056195891306715096,-1.0
2018-08-23,-0.0036491432998853046,-1.0
2018-08-24,-0.0015990840070905232,-1.0
2018-08-27,-0.024430262613865716,-1.0
2018-08-28,0.0018796013061217476,-1.0
2018-08-29,0.003998887702837295,-1.0
2018-08-30,0.010476488684610374,-1.0
2018-08-31,0.004950800845884951,-1.0
2018-09-03,0.0038023050867301844,-1.0
2018-09-04,-0.012665809467133915,-1.0
2018-09-05,0.01954791500242692,-1.0
2018-09-06,0.010690991640988634,-1.0
2018-09-07,-0.004524529366809915,-1.0
2018-09-10,0.014515213642190106,-1.0
2018-09-11,0.0018131196676627326,-1.0
2018-09-12,0.00688131014726201,-1.0
2018-09-13,-0.010787361796823047,-1.0
2018-09-14,-0.0017067471074745377,-1.0
2018-09-17,0.011464147419464221,-1.0
2018-09-18,-0.020128256459501115,-1.0
2018-09-19,-0.013167547548551095,-1.0
2018-09-20,0.0007114000277074206,-1.0
2018-09-21,-0.030319028962585204,-1.0
2018-09-25,0.008996167583877224,-1.0
2018-09-26,-0.011076676835993338,-1.0
2018-09-27,0.003994772040241901,-1.0
2018-09-28,-0.010363968024117653,-1.0
2018-10-08,0.04302759901966491,-1.0
2018-10-09,0.0006710020982717557,-1.0
2018-10-10,0.0021567246246879668,-1.0
2018-10-11,0.04799000657545549,-1.0
2018-10-12,-0.014920166643092037,-1.0
2018-10-15,0.013963551945923358,-1.0
2018-10-16,0.008149110640318091,-1.0
2018-10-17,-0.0055700244871463855,-1.0
2018-10-18,0.023684626836565137,-1.0
2018-10-19,-0.02974443039821617,-1.0
2018-10-22,-0.04316748090198064,-1.0
2018-10-23,0.026556649762472517,-1.0
2018-10-24,-0.0015003020174146897,-1.0
2018-10-25,-0.0019153743655750954,-1.0
2018-10-26,0.006471948669702576,-1.0
2018-10-29,0.030484318455020865,-1.0
2018-10-30,-0.010845890470728481,-1.0
2018-10-31,-0.014006190156740983,-1.0
2018-11-01,-0.007359448217677533,-1.0
2018-11-02,-0.0356344021269146,-1.0
2018-11-05,0.008330806926109324,-1.0
2018-11-06,0.006033004855194757,-1.0
2018-11-07,0.006549279984054968,-1.0
2018-11-08,0.0028357091651936006,-1.0
2018-11-09,0.014109148117092851,-1.0
2018-11-12,-0.011901235702905133,-1.0
2018-11-13,-0.010059339984669124,-1.0
2018-11-14,0.01002031795874092,-1.0
2018-11-15,-0.011678461521324568,-1.0
2018-11-16,-0.004719385178410196,-1.0
2018-11-19,-0.011336188233719513,-1.0
2018-11-20,0.02312736851367614,-1.0
2018-11-21,-0.002511863320233232,-1.0
2018-11-22,0.0037392005769237846,-1.0
2018-11-23,0.02207301437490905,-1.0
2018-11-26,0.0007099785613069454,-1.0
2018-11-27,0.0012740496327027229,-1.0
2018-11-28,-0.013289159491812086,-1.0
2018-11-29,0.01298498747661403,-1.0
2018-11-30,-0.011166240052839616,-1.0
2018-12-03,-0.027818727956403055,-1.0
2018-12-04,-0.002072800743783132,-1.0
2018-12-05,0.004806241191268601,-1.0
2018-12-06,0.02162700225377956,-1.0
2018-12-07,3.407012599965231e-05,-1.0
2018-12-10,0.011567107579710911,-1.0
2018-12-11,-0.004786592668935663,-1.0
2018-12-12,-0.003415832024132648,-1.0
2018-12-13,-0.015480684279853829,-1.0
2018-12-14,0.016703924884252985,-1.0
2018-12-17,0.0014890817047313876,-1.0
2018-12-18,0.01036635937163799,-1.0
2018-12-19,0.011923246398788612,-1.0
2018-12-20,0.007669892406503731,-1.0
2018-12-21,0.012395380621395113,-1.0
2018-12-24,-0.0029058606452490032,-1.0
2018-12-25,0.006884541202234362,-1.0
2018-12-26,0.005053820798622821,-1.0
2018-12-27,0.00383973165915219,-1.0
2018-12-28,-0.006737288613092973,-1.0
2019-01-02,0.013657599133955478,-1.0
2019-01-03,0.0015804493046437385,-1.0
2019-01-04,-0.023958105559820586,-1.0
2019-01-07,-0.0060703768973817684,-1.0
2019-01-08,0.002160722102554913,-1.0
2019-01-09,-0.010096913955048414,-1.0
2019-01-10,0.001880638402918744,-1.0
2019-01-11,-0.0071897346894886915,-1.0
2019-01-14,0.008722337516788747,-1.0
2019-01-15,-0.01962520509507759,-1.0
2019-01-16,-0.0002114136923181409,-1.0
2019-01-17,0.005508730805669382,-1.0
2019-01-18,-0.018241561207742896,-1.0
2019-01-21,-0.005511850217565506,-1.0
2019-01-22,0.013284409984767764,-1.0
2019-01-23,0.0007202264130463654,-1.0
2019-01-24,-0.005644125989333837,-1.0
2019-01-25,-0.008132217557167642,-1.0
2019-01-28,0.00021727323130982246,-1.0
2019-01-29,-0.0032012599372122086,-1.0
2019-01-30,0.007979693483639028,-1.0
2019-01-31,-0.010462483480658813,-1.0
2019-02-01,-0.014293955169316641,-1.0
2019-02-11,-0.018191615678907702,-1.0
2019-02-12,-0.007216996360925432,-1.0
2019-02-13,-0.02002570131602055,-1.0
2019-02-14,0.0015050510628762392,1.0
2019-02-15,-0.018645791885772645,1.0
2019-02-18,0.032060367603040874,1.0
2019-02-19,-0.001781037295623178,1.0
2019-02-20,0.003581658350699124,1.0
2019-02-21,-0.0026714641412060036,1.0
2019-02-22,0.022485977308080107,1.0
2019-02-25,0.059476667573264974,1.0
2019-02-26,-0.012009599936248505,1.0
2019-02-27,-0.001710155810788594,1.0
2019-02-28,-0.0024526477207256203,1.0
2019-03-01,0.02189585499179514,1.0
2019-03-04,0.011838155242920756,1.0
2019-03-05,0.005774538599890855,1.0
2019-03-06,0.008405919560236397,1.0
2019-03-07,-0.010197421822455532,1.0
2019-03-08,-0.03971558657197738,1.0
2019-03-11,0.019787843270097527,1.0
2019-03-12,0.006809010490369083,1.0
2019-03-13,-0.008296905544324606,1.0
2019-03-14,-0.006903050515009501,1.0
2019-03-15,0.012577904179056354,1.0
2019-03-18,0.028502738981656783,1.0
2019-03-19,-0.004617462113758797,1.0
2019-03-20,0.00038526719066056536,1.0
2019-03-21,0.0003784702963782749,1.0
2019-03-22,-0.0008053394684388593,1.0
2019-03-25,-0.023729998735197877,1.0
2019-03-26,-0.011324707336051953,1.0
2019-03-27,0.011606461374256583,1.0
2019-03-28,-0.004005061938813781,1.0
2019-03-29,0.038608003824057935,1.0
2019-04-01,0.02623394859936412,1.0
2019-04-02,-0.0006650346961495357,1.0
2019-04-03,0.012809807767017123,1.0
2019-04-04,0.009963386308728062,1.0
2019-04-08,-0.001231416953674458,1.0
2019-04-09,0.004486190401004286,1.0
2019-04-10,0.002556024700313353,1.0
2019-04-11,-0.021603647909478774,1.0
2019-04-12,-0.0022416074053643875,1.0
2019-04-15,-0.0032824411710846713,1.0
2019-04-16,0.02773588812585337,1.0
2019-04-17,0.000355059931997026,1.0
2019-04-18,-0.0037102056013449403,1.0
2019-04-19,0.011918369977097276,1.0
2019-04-22,-0.023054098960837655,1.0
2019-04-23,-0.00164089380819199,1.0
2019-04-24,0.002757747047509529,1.0
2019-04-25,-0.021903413689132956,1.0
2019-04-26,-0.013329186344568034,1.0
2019-04-29,0.002843486400086803,1.0
2019-04-30,0.003301537850387559,1.0
2019-05-06,-0.05841601692318665,1.0
2019-05-07,0.009784355322919991,1.0
2019-05-08,-0.014301462608170112,1.0
2019-05-09,-0.01847527935839144,1.0
2019-05-10,0.03632280366911678,1.0
2019-05-13,-0.016546469860094448,1.0
2019-05-14,-0.006425991805601217,1.0
2019-05-15,0.02247973149419935,1.0
2019-05-16,0.004526638634626767,1.0
2019-05-17,-0.025428292770482308,1.0
2019-05-20,-0.008487401846473563,1.0
2019-05-21,0.013539693432934374,1.0
2019-05-22,-0.0047443855449916805,1.0
2019-05-23,-0.01792496456109971,1.0
2019-05-24,0.0027760597858583758,1.0
2019-05-27,0.012043471603479405,1.0
2019-05-28,0.009640225436229555,1.0
2019-05-29,-0.002274212300570677,1.0
2019-05-30,-0.006202583088171676,1.0
2019-05-31,-0.003129202531495845,1.0
2019-06-03,-0.0006125424415130976,-1.0
2019-06-04,0.009236228716931527,-1.0
2019-06-05,0.0003783833925261604,-1.0
2019-06-06,0.009014804961211875,-1.0
2019-06-10,-0.012922822926661137,-1.0
2019-06-11,-0.03005818607718891,-1.0
2019-06-12,0.007576797408334279,-1.0
2019-06-13,0.0015449071125410718,-1.0
2019-06-14,0.008279550516358758,-1.0
2019-06-17,1.5075734773106753e-05,-1.0
2019-06-18,-0.0035004961113320743,-1.0
2019-06-19,-0.013174652707199419,-1.0
2019-06-20,-0.030296575715295315,-1.0
2019-06-21,-0.0014156912871488014,-1.0
2019-06-24,-0.0019112461981978246,-1.0
2019-06-25,0.010401805300695233,-1.0
2019-06-26,0.0018358935122835263,-1.0
2019-06-27,-0.010670181383753752,-1.0
2019-06-28,0.002406868311741084,-1.0
2019-07-01,-0.02881238653212792,-1.0
2019-07-02,-0.0003449098020851249,-1.0
2019-07-03,0.011082836142344066,-1.0
2019-07-04,0.0052477259670076215,-1.0
2019-07-05,-0.0051897937412903605,-1.0
2019-07-08,0.023223246157886734,-1.0
2019-07-09,0.0025402403924675854,-1.0
2019-07-10,0.0016848092486791977,-1.0
2019-07-11,0.00040087262417609626,-1.0
2019-07-12,-0.006211024402538179,-1.0
2019-07-15,-0.004058228211490267,-1.0
2019-07-16,0.004535054476142664,-1.0
2019-07-17,0.0005796138424237762,-1.0
2019-07-18,0.009524295396902915,-1.0
2019-07-19,-0.010496014238821072,-1.0
2019-07-22,0.006899214751770577,-1.0
2019-07-23,-0.0021763589292727037,-1.0
2019-07-24,-0.007894375425718803,-1.0
2019-07-25,-0.008176798328198842,-1.0
2019-07-26,-0.0019481096989626412,-1.0
2019-07-29,0.0011139881709508748,-1.0
2019-07-30,-0.004163485779306031,-1.0
2019-07-31,0.009032514540925463,-1.0
2019-08-01,0.008314606489630005,-1.0
2019-08-02,0.014731681553688869,-1.0
2019-08-05,0.019146281249917463,-1.0
2019-08-06,0.010708062195914136,-1.0
2019-08-07,0.004096961636225971,-1.0
2019-08-08,-0.013216488178291907,-1.0
2019-08-09,0.009746835194654357,-1.0
2019-08-12,-0.018047217779648683,-1.0
2019-08-13,0.009016560142241947,-1.0
2019-08-14,-0.004542042743486574,-1.0
2019-08-15,-0.003149873798389491,-1.0
2019-08-16,-0.004476988985870678,-1.0
2019-08-19,-0.02171005578543239,-1.0
2019-08-20,0.0008868678718806366,-1.0
2019-08-21,0.0015773289580858219,-1.0
2019-08-22,-0.00310654471033156,-1.0
2019-08-23,-0.007211718995258742,-1.0
2019-08-26,0.014382428392239466,-1.0
2019-08-27,-0.013551941821240865,-1.0
2019-08-28,0.003762563152912346,-1.0
2019-08-29,0.0032603352604086977,-1.0
2019-08-30,-0.0024799833739059807,-1.0
2019-09-02,-0.01282600160970171,-1.0
2019-09-03,-0.0013748337651147136,-1.0
2019-09-04,-0.008405260251256319,-1.0
2019-09-05,-0.010118833725527354,-1.0
2019-09-06,-0.005906392926136261,-1.0
2019-09-09,-0.006189908465413785,-1.0
2019-09-10,0.003444142390573335,-1.0
2019-09-11,0.007366291470765285,-1.0
2019-09-12,-0.010757996253479396,-1.0
2019-09-16,0.0036916156986898097,-1.0
2019-09-17,0.016801258625114834,-1.0
2019-09-18,-0.0048475532408749356,-1.0
2019-09-19,-0.003656852665327781,-1.0
2019-09-20,-0.002871483749175008,-1.0
2019-09-23,0.011431272451971175,-1.0
2019-09-24,-0.0026767169881853903,-1.0
2019-09-25,0.007713795256170108,-1.0
2019-09-26,0.007709900715934359,-1.0
2019-09-27,-0.0029977047431870574,-1.0
2019-09-30,0.009895829196573946,-1.0
2019-10-08,-0.0060691385110220875,-1.0
2019-10-09,-0.0014488183756689033,-1.0
2019-10-10,-0.008170165416714115,-1.0
2019-10-11,-0.00957152370655634,-1.0
2019-10-14,-0.01061316856784389,-1.0
2019-10-15,0.004298068235706665,-1.0
2019-10-16,0.003446021134126287,-1.0
2019-10-17,-0.0006465468783196648,-1.0
2019-10-18,0.014226941989720965,-1.0
2019-10-21,-0.002962259280090418,-1.0
2019-10-22,-0.00387573328844959,-1.0
2019-10-23,0.006364696620987598,-1.0
2019-10-24,0.00010772174249451538,-1.0
2019-10-25,-0.006749352140217324,-1.0
2019-10-28,-0.007645442124282642,-1.0
2019-10-29,0.004166215681056129,-1.0
2019-10-30,0.004859182052392885,-1.0
2019-10-31,0.0011496635186010185,-1.0
2019-11-01,-0.016886928131430334,-1.0
2019-11-04,-0.006511102960762516,-1.0
2019-11-05,-0.006206748431219378,-1.0
2019-11-06,0.0044796499101831255,-1.0
2019-11-07,-0.0017549580394056186,-1.0
2019-11-08,0.004725649092861106,-1.0
2019-11-11,0.017627035336199692,-1.0
2019-11-12,-0.00018204046894121362,-1.0
2019-11-13,0.0009496914815545487,-1.0
2019-11-14,-0.001506545607972809,-1.0
2019-11-15,0.007365297807881865,-1.0
2019-11-18,-0.007954395271586812,-1.0
2019-11-19,-0.010007883715188237,-1.0
2019-11-20,0.00992518645368412,-1.0
2019-11-21,0.004674190179745463,-1.0
2019-11-22,0.010181823417227176,-1.0
2019-11-25,-0.0073276202866559,-1.0
2019-11-26,-0.003467376321232729,-1.0
2019-11-27,0.004120279676506633,-1.0
2019-11-28,0.0034357611969350055,-1.0
2019-11-29,0.008707835939019803,-1.0
2019-12-02,-0.0019297298649822991,-1.0
2019-12-03,-0.003917666644795315,-1.0
2019-12-04,0.0003293355619333749,-1.0
2019-12-05,-0.007674334819377293,-1.0
2019-12-06,-0.005934349338414746,-1.0
2019-12-09,0.0017780151027115831,-1.0
2019-12-10,-0.0012675054373736394,-1.0
2019-12-11,-0.000606324869064867,-1.0
2019-12-12,0.003004292461324498,-1.0
2019-12-13,-0.01983973782532633,-1.0
2019-12-16,-0.004870015937368022,-1.0
2019-12-17,-0.013605659861412489,-1.0
2019-12-18,0.002230936932152705,-1.0
2019-12-19,0.0013968270940268868,-1.0
2019-12-20,0.0024575198909303486,-1.0
2019-12-23,0.012485273829052401,-1.0
2019-12-24,-0.006519100797202748,-1.0
2019-12-25,0.0005236719113080879,-1.0
2019-12-26,-0.00880029304909713,-1.0
2019-12-27,0.0009836343522046098,-1.0
2019-12-30,-0.014819788167550696,-1.0
2019-12-31,-0.0036624308297750208,-1.0
2020-01-02,-0.013586618952418972,-1.0
2020-01-03,0.0017522827674155694,-1.0
2020-01-06,0.0037803697686318305,-1.0
2020-01-07,-0.00749086635942775,-1.0
2020-01-08,0.011516245482157905,-1.0
2020-01-09,-0.012657705490228155,-1.0
2020-01-10,0.0002845088417582353,-1.0
2020-01-13,-0.00980100595580069,-1.0
2020-01-14,0.0033544574802931715,-1.0
2020-01-15,0.005525639335979937,-1.0
2020-01-16,0.004245770980747077,-1.0
2020-01-17,-0.001400226375072533,-1.0
2020-01-20,-0.0074557150397378535,-1.0
2020-01-21,0.017086669350005135,-1.0
2020-01-22,-0.004283247111877886,-1.0
2020-01-23,0.030985463431372318,-1.0
2020-02-03,0.07880901060173484,-1.0
2020-02-04,-0.026374827301190784,-1.0
2020-02-05,-0.011329557800250134,-1.0
2020-02-06,-0.018609741103576383,-1.0
2020-02-07,-2.415523910603845e-05,-1.0
2020-02-10,-0.004137548917344525,-1.0
2020-02-11,-0.009310278750396028,-1.0
2020-02-12,-0.008088169196113881,-1.0
2020-02-13,0.0061523692520829565,-1.0
2020-02-14,-0.007024234941383156,-1.0
2020-02-17,-0.02249144388811075,-1.0
2020-02-18,0.004883794158179411,-1.0
2020-02-19,0.0015280550824411376,-1.0
2020-02-20,-0.023040790231171338,-1.0
2020-02-21,-0.0011663693882828507,-1.0
2020-02-24,0.004012902500338367,-1.0
2020-02-25,0.0021739294549790733,-1.0
2020-02-26,0.012328054364093344,-1.0
2020-02-27,-0.0029120195770446777,-1.0
2020-02-28,0.0354544675396381,-1.0
2020-03-02,-0.03289740979857925,-1.0
2020-03-03,-0.0053309777593060215,-1.0
2020-03-04,-0.005790468527408166,-1.0
2020-03-05,-0.02227740769473563,-1.0
2020-03-06,0.016216391225563953,-1.0
2020-03-09,0.034160795950771816,-1.0
2020-03-10,-0.021415101951211213,-1.0
2020-03-11,0.01330055625749571,-1.0
2020-03-12,0.019242687887578214,-1.0
2020-03-13,0.014072273101766286,-1.0
2020-03-16,0.04299346640403301,-1.0
2020-03-17,0.004870810167325379,-1.0
2020-03-18,0.019792989275469575,-1.0
2020-03-19,0.012970454642019846,-1.0
2020-03-20,-0.017868388238297284,-1.0
2020-03-23,0.03364647318769587,-1.0
2020-03-24,-0.026855690518368114,-1.0
2020-03-25,-0.026869081600896072,-1.0
2020-03-26,0.006573749097418702,-1.0
2020-03-27,-0.0032485523711001107,-1.0
2020-03-30,0.00968978807757992,-1.0
2020-03-31,-0.003278153723616617,-1.0
2020-04-01,0.0030056521495799293,-1.0
2020-04-02,-0.01617784318897586,-1.0
2020-04-03,0.005706821628399528,-1.0
2020-04-07,-0.022838167096181694,-1.0
2020-04-08,0.0046542391783258585,-1.0
2020-04-09,-0.003297583064189036,-1.0
2020-04-10,0.006230814853523614,-1.0
2020-04-13,0.004224156873240847,-1.0
2020-04-14,-0.019301238289969103,-1.0
2020-04-15,0.0074069599462226465,-1.0
2020-04-16,-0.0013215225737086556,-1.0
2020-04-17,-0.009758754817968507,-1.0
2020-04-20,-0.0036379859174420215,-1.0
2020-04-21,0.011783632823436863,-1.0
2020-04-22,-0.008228889167713582,-1.0
2020-04-23,0.0025084496640789267,-1.0
2020-04-24,0.00855940429570845,-1.0
2020-04-27,-0.006794071518197331,-1.0
2020-04-28,-0.006900103040492489,-1.0
2020-04-29,-0.004646614515711578,-1.0
2020-04-30,-0.01177781823372559,-1.0
2020-05-06,-0.006051433311015542,-1.0
2020-05-07,0.00288581486067252,-1.0
2020-05-08,-0.009867042034708451,-1.0
2020-05-11,0.0008682463313792743,-1.0
2020-05-12,-1.451954094111585e-05,-1.0
2020-05-13,-0.002023893615681338,-1.0
2020-05-14,0.01084487331943984,-1.0
2020-05-15,0.0031595190248938643,-1.0
2020-05-18,-0.0025801878386355614,-1.0
2020-05-19,-0.00849822849696058,-1.0
2020-05-20,0.0053150085706170636,-1.0
2020-05-21,0.0054449532961546865,-1.0
2020-05-22,0.022926827361341773,-1.0
2020-05-25,-0.001375630742581846,-1.0
2020-05-26,-0.011345499708891316,-1.0
2020-05-27,0.007012190060029733,-1.0
2020-05-28,-0.0028653165483218945,-1.0
2020-05-29,-0.002694267672490591,-1.0
2020-06-01,-0.026976047105173873,-1.0
2020-06-02,-0.0030789354183256012,-1.0
2020-06-03,-2.008250041796167e-05,-1.0
2020-06-04,0.0003671509405813733,-1.0
2020-06-05,-0.004787773426202513,-1.0
2020-06-08,-0.005174381841438702,-1.0
2020-06-09,-0.0062343811960696716,-1.0
2020-06-10,0.001809771923321657,-1.0
2020-06-11,0.01084745022600786,-1.0
2020-06-12,-0.0018014283996088398,-1.0
2020-06-15,0.012014390209106107,-1.0
2020-06-16,-0.015065000318711386,-1.0
2020-06-17,-0.0007532313172651239,-1.0
2020-06-18,-0.00666819477856162,-1.0
2020-06-19,-0.013432279752255027,-1.0
2020-06-22,-0.0008140123128999033,-1.0
2020-06-23,-0.004814304978888684,-1.0
2020-06-24,-0.004171751021836423,-1.0
2020-06-29,0.007072523377988582,-1.0
2020-06-30,-0.013199767263746054,-1.0
2020-07-01,-0.020129810449596164,-1.0
2020-07-02,-0.02073104714494045,-1.0
2020-07-03,-0.019315960247190622,-1.0
2020-07-06,-0.056679259448064734,-1.0
2020-07-07,0.006002340552008878,1.0
2020-07-08,0.016150651033995267,1.0
2020-07-09,0.013985534407363831,1.0
2020-07-10,-0.018104119442786226,1.0
2020-07-13,0.02100254583644845,1.0
2020-07-14,-0.009534590962730127,1.0
2020-07-15,-0.012944770187186094,1.0
2020-07-16,-0.04810138172057077,1.0
2020-07-17,0.0062989161015154504,1.0
2020-07-20,0.029837806480853546,1.0
2020-07-21,0.002294273753037146,1.0
2020-07-22,0.004988848427615045,1.0
2020-07-23,-0.0004262855605453586,1.0
2020-07-24,-0.04389345832347369,1.0
2020-07-27,0.005073563496869715,1.0
2020-07-28,0.008790557475515826,1.0
2020-07-29,0.024243466480524223,1.0
2020-07-30,-0.004885095302252118,1.0
2020-07-31,0.008353595779311718,1.0
2020-08-03,0.016243631425820748,1.0
2020-08-04,0.000941376529066007,1.0
2020-08-05,0.0002735665947990462,1.0
2020-08-06,-0.0030027994547079384,1.0
2020-08-07,-0.011513901947948546,1.0
2020-08-10,0.0035989306714281355,1.0
2020-08-11,-0.009118981630329426,1.0
2020-08-12,0.007291900307141552,-1.0
2020-08-13,0.002567321950563861,-1.0
2020-08-14,-0.01486636596065094,-1.0
2020-08-17,-0.0235081883612156,-1.0
2020-08-18,0.0005128938805177841,-1.0
2020-08-19,0.014976448839172596,-1.0
2020-08-20,0.012977889409245602,-1.0
2020-08-21,-0.008482024016988943,-1.0
2020-08-24,-0.007842176401245515,-1.0
2020-08-25,-0.0012829675357024506,-1.0
2020-08-26,0.011722191916014757,-1.0
2020-08-27,-0.005357884063641016,-1.0
2020-08-28,-0.023866384212810843,-1.0
2020-08-31,0.005790331214732047,-1.0
2020-09-01,-0.005379119990752912,-1.0
2020-09-02,-0.0003644476307422817,-1.0
2020-09-03,0.005531053882966264,-1.0
2020-09-04,0.009731217269693948,-1.0
2020-09-07,0.0211418595246885,-1.0
2020-09-08,-0.005358691284903516,-1.0
2020-09-09,0.023389772480314486,-1.0
2020-09-10,0.0005695603620887724,-1.0
2020-09-11,-0.009887674044667394,-1.0
2020-09-14,-0.005136513598715586,-1.0
2020-09-15,-0.008048052454040278,-1.0
2020-09-16,0.006638437775155714,-1.0
2020-09-17,0.005291454486302749,-1.0
2020-09-18,-0.02252988107921694,-1.0
2020-09-21,0.0096389582065457,-1.0
2020-09-22,0.011865747233768764,-1.0
2020-09-23,-0.003573631322824067,-1.0
2020-09-24,0.01918644030053518,-1.0
2020-09-25,-0.001524391814038406,-1.0
2020-09-28,-0.00260105991621562,-1.0
2020-09-29,-0.0021586637969746025,-1.0
2020-09-30,0.0009591011523520931,-1.0
2020-10-09,-0.020435539967528005,-1.0
2020-10-12,-0.03033802953860909,-1.0
2020-10-13,-0.003326285530197648,-1.0
2020-10-14,0.006633099141779786,-1.0
2020-10-15,0.0017403416499099933,-1.0
2020-10-16,0.0014712415629606346,-1.0
2020-10-19,0.007552284419898192,-1.0
2020-10-20,-0.007986415021684623,-1.0
2020-10-21,0.00013326470659891232,-1.0
2020-10-22,0.0030971065018727817,-1.0
2020-10-23,0.012452196109049796,-1.0
2020-10-26,0.005775621220704075,-1.0
2020-10-27,-0.0017145375273071028,-1.0
2020-10-28,-0.008084771809259594,-1.0
2020-10-29,-0.007525006270486578,-1.0
2020-10-30,0.016255458555997415,-1.0
2020-11-02,-0.005430391338737017,-1.0
2020-11-03,-0.012016845422966105,-1.0
2020-11-04,-0.007555236136398191,-1.0
2020-11-05,-0.014844308372321757,-1.0
2020-11-06,-0.00012405038509055721,-1.0
2020-11-09,-0.019573766622378308,-1.0
2020-11-10,0.005515392745865544,-1.0
2020-11-11,0.009886703654811146,-1.0
2020-11-12,-0.0007268040899768291,-1.0
2020-11-13,0.010514839370287521,-1.0
2020-11-16,-0.00974299954375768,-1.0
2020-11-17,0.0019137992642833668,-1.0
2020-11-18,0.000636268878762114,-1.0
2020-11-19,-0.007424353670839157,-1.0
2020-11-20,-0.003104532029098994,-1.0
2020-11-23,-0.012489480180419177,-1.0
2020-11-24,0.0061421842793943915,-1.0
2020-11-25,0.012782840872322287,-1.0
2020-11-26,-0.001810576903496397,-1.0
2020-11-27,-0.012434732381828795,-1.0
2020-11-30,0.004118463729969268,-1.0
2020-12-01,-0.021540518940177167,-1.0
2020-12-02,-9.15711463500557e-06,-1.0
2020-12-03,0.001990154336820038,-1.0
2020-12-04,-0.0017512150290159845,-1.0
2020-12-07,0.008622566464432158,-1.0
2020-12-08,0.0024603587354959933,-1.0
2020-12-09,0.013409506569680207,-1.0
2020-12-10,0.0004397800019607656,-1.0
2020-12-11,0.010301678673859116,-1.0
2020-12-14,-0.009245281830368768,-1.0
2020-12-15,-0.002080069462096823,-1.0
2020-12-16,-0.0017728660694424914,-1.0
2020-12-17,-0.012840756524145736,-1.0
2020-12-18,0.0034899203552125613,-1.0
2020-12-21,-0.009374420371267123,-1.0
2020-12-22,0.016261047805046114,-1.0
2020-12-23,-0.008530259602821166,-1.0
2020-12-24,0.0014195974994424265,-1.0
2020-12-25,-0.008399634129127032,-1.0
2020-12-28,-0.004442867737546985,-1.0
2020-12-29,0.004241082390034179,-1.0
2020-12-30,-0.014034363830229823,-1.0
2020-12-31,-0.019081643358574762,-1.0
2021-01-04,-0.01082833928691529,-1.0
2021-01-05,-0.019132914496696296,-1.0
2021-01-06,-0.00915763344092313,-1.0
2021-01-07,-0.01771779025871223,-1.0
2021-01-08,0.0033056464450236245,-1.0
2021-01-11,0.009875895803324264,-1.0
2021-01-12,-0.028522272546270155,-1.0
2021-01-13,0.0032845322020012002,-1.0
2021-01-14,0.019274893697459272,-1.0
2021-01-15,0.002262169610970144,-1.0
2021-01-18,-0.011073360359680873,-1.0
2021-01-19,0.014677321575592539,-1.0
2021-01-20,-0.007155868055666703,-1.0
2021-01-21,-0.016166670951693662,-1.0
2021-01-22,-0.0008637424109418923,-1.0
2021-01-25,-0.010080692652630896,-1.0
2021-01-26,0.02007766476442474,-1.0
2021-01-27,-0.002727315040729872,-1.0
2021-01-28,0.027290269032757664,-1.0
2021-01-29,0.00468243106138877,-1.0
2021-02-01,-0.012272839024383586,-1.0
2021-02-02,-0.015402088478093212,-1.0
2021-02-03,0.002888644917104277,-1.0
2021-02-04,0.002051574848453974,-1.0
2021-02-05,-0.0017293735462386994,-1.0
2021-02-08,-0.01479877317306344,-1.0
2021-02-09,-0.021868460513817967,-1.0
2021-02-10,-0.021361863394614655,-1.0
2021-02-18,0.00677334756083503,-1.0
2021-02-19,-0.0018134376482108472,-1.0
2021-02-22,0.03140928580501068,-1.0
2021-02-23,0.0031558960216890863,-1.0
2021-02-24,0.02546742878846142,-1.0
2021-02-25,-0.005883162883673521,-1.0
2021-02-26,0.024279382408641914,-1.0
2021-03-01,-0.015369397568476328,-1.0
2021-03-02,0.012761830666907725,-1.0
2021-03-03,-0.019175606178827076,-1.0
2021-03-04,0.0314563491426646,-1.0
2021-03-05,0.003391592086042672,-1.0
2021-03-08,0.03472891728005101,-1.0
2021-03-09,0.021461549615330644,-1.0
2021-03-10,-0.006560592222159656,-1.0
2021-03-11,-0.02490270978439768,-1.0
2021-03-12,-0.0035417777676896023,-1.0
2021-03-15,0.02153640620221764,-1.0
2021-03-16,-0.008701800466805576,-1.0
2021-03-17,-0.004231968169863265,-1.0
2021-03-18,-0.00802021918625817,-1.0
2021-03-19,0.02619281876987034,-1.0
2021-03-22,-0.009998081320955476,-1.0
2021-03-23,0.00947294050089853,-1.0
2021-03-24,0.016082380783103423,-1.0
2021-03-25,0.0004744470092258313,-1.0
2021-03-26,-0.022662431669194794,-1.0
2021-03-29,-0.0017640765814159742,-1.0
2021-03-30,-0.009481466886464451,-1.0
2021-03-31,0.00910124936770429,-1.0
2021-04-01,-0.012363637170378805,-1.0
2021-04-02,-0.009935886849920639,-1.0
2021-04-06,0.004110213335050017,-1.0
2021-04-07,0.007119954552438523,-1.0
2021-04-08,-0.0016587434617589825,-1.0
2021-04-09,0.015036788600527706,-1.0
2021-04-12,0.01739535865064379,-1.0
2021-04-13,0.001637533568569105,-1.0
2021-04-14,-0.008296974773768229,-1.0
2021-04-15,0.006355383424648142,-1.0
2021-04-16,-0.003476882208779175,-1.0
2021-04-19,-0.024331653954383636,-1.0
2021-04-20,0.0007177291443816181,-1.0
2021-04-21,-0.0030254563246623345,-1.0
2021-04-22,0.0018634782061758282,-1.0
2021-04-23,-0.009079915315508336,-1.0
2021-04-26,0.011336136357502635,-1.0
2021-04-27,-0.0026160487439903513,-1.0
2021-04-28,-0.00564237107823673,-1.0
2021-04-29,-0.008776123324974128,-1.0
2021-04-30,0.007877394876992128,-1.0
2021-05-06,0.012172291186728357,-1.0
2021-05-07,0.012857162728503457,-1.0
2021-05-10,0.0007267137114067568,-1.0
2021-05-11,-0.006136800935498066,-1.0
2021-05-12,-0.004277990336367665,-1.0
2021-05-13,0.010223770093499618,-1.0
2021-05-14,-0.023556362342618486,-1.0
2021-05-17,-0.014557066511751815,-1.0
2021-05-18,-0.0005045337351294865,-1.0
2021-05-19,0.00295498807897987,-1.0
2021-05-20,-0.002733808276131011,-1.0
2021-05-21,0.010077043628620386,-1.0
2021-05-24,-0.0041758045828166335,-1.0
2021-05-25,-0.03159494432011889,-1.0
2021-05-26,-0.0003976137534085211,-1.0
2021-05-27,-0.0033154576932754587,-1.0
2021-05-28,0.0032116058480700094,-1.0
2021-05-31,-0.0019697097319522072,-1.0
2021-06-01,-0.0018962896029717236,-1.0
2021-06-02,0.009679764032280547,-1.0
2021-06-03,0.006557329511058474,-1.0
2021-06-04,-0.005136105355265652,-1.0
2021-06-07,0.0008803210857621924,-1.0
2021-06-08,0.008623307243514677,-1.0
2021-06-09,-0.0008281161170626827,-1.0
2021-06-10,-0.006687126713897484,-1.0
2021-06-11,0.008870985625801353,-1.0
2021-06-15,0.011128536875684714,-1.0
2021-06-16,0.016658822310714805,-1.0
2021-06-17,-0.004212486631951284,-1.0
2021-06-18,-0.00011237006880038258,-1.0
2021-06-21,0.002367541637761428,-1.0
2021-06-22,-0.0062417474323259725,-1.0
2021-06-23,-0.004926731764615555,-1.0
2021-06-24,-0.0016668629472258445,-1.0
2021-06-25,-0.0162907344486507,-1.0
2021-06-28,-0.0022503952504753233,-1.0
2021-06-29,0.011656262917097315,-1.0
2021-06-30,-0.00645336919854933,-1.0
2021-07-01,-0.001076408090977754,-1.0
2021-07-02,0.028404691834707174,-1.0
2021-07-05,-0.0009201126083060451,-1.0
2021-07-06,0.0005285508704603314,-1.0
2021-07-07,-0.011289479147614578,-1.0
2021-07-08,0.010161152150109265,-1.0
2021-07-09,0.003698811101625621,-1.0
2021-07-12,-0.012481210681401178,-1.0
2021-07-13,-0.0018295018022451703,-1.0
2021-07-14,0.01147667496334337,-1.0
2021-07-15,-0.013452008247983427,-1.0
2021-07-16,0.011004622260093577,-1.0
2021-07-19,-0.0036747076076621976,-1.0
2021-07-20,0.0008801026382251331,-1.0
2021-07-21,-0.006860195826023707,-1.0
2021-07-22,-0.0014986072821943086,-1.0
2021-07-23,0.012136357425766464,-1.0
2021-07-26,0.03221101384292413,-1.0
2021-07-27,0.03532496199723101,-1.0
2021-07-28,-0.001929908637886113,-1.0
2021-07-29,-0.018861953197770287,-1.0
2021-07-30,0.008062450732170823,-1.0
2021-08-02,-0.025475406759208896,-1.0
2021-08-03,-0.00014640021273937265,-1.0
2021-08-04,-0.008995840536335953,-1.0
2021-08-05,0.006061161257808201,-1.0
2021-08-06,0.005477350147978122,-1.0
2021-08-09,-0.013003588066210048,-1.0
2021-08-10,-0.011550411350758738,-1.0
2021-08-11,0.00551389727210061,-1.0
2021-08-12,0.008372252923360746,-1.0
2021-08-13,0.0055029296243706005,-1.0
2021-08-16,0.0009937963999026023,-1.0
2021-08-17,0.0209801217858262,-1.0
2021-08-18,-0.011749071826426594,-1.0
2021-08-19,0.006558528084778303,-1.0
2021-08-20,0.019100974357090683,-1.0
2021-08-23,-0.013966588330393215,-1.0
2021-08-24,-0.01085883428577672,-1.0
2021-08-25,-0.001997999259551797,-1.0
2021-08-26,0.019711045615277367,-1.0
2021-08-27,-0.005296953142419181,-1.0
2021-08-30,0.0028532994514468557,-1.0
2021-08-31,0.0015915166866901087,-1.0
2021-09-01,-0.013286305240880925,-1.0
2021-09-02,9.734141497186322e-06,-1.0
2021-09-03,0.005411105855855691,-1.0
2021-09-06,-0.018720345209675582,-1.0
2021-09-07,-0.011979424395297755,-1.0
2021-09-08,0.004145344922059424,-1.0
2021-09-09,0.0004261954086340891,-1.0
2021-09-10,-0.008754222046045701,-1.0
2021-09-13,0.004360627206993817,-1.0
2021-09-14,0.014924514687479462,-1.0
2021-09-15,0.01013653872720921,-1.0
2021-09-16,0.012249228718061889,-1.0
2021-09-17,-0.01003440773669273,-1.0
2021-09-22,0.007037298358822497,-1.0
2021-09-23,-0.006517983291396856,-1.0
2021-09-24,0.0007763956438022745,-1.0
2021-09-27,-0.005761937640600401,-1.0
2021-09-28,-0.001324115304933482,-1.0
2021-09-29,0.010217374567654813,-1.0
2021-09-30,-0.0067138979580601,-1.0
2021-10-08,-0.013060687008045635,-1.0
2021-10-11,-0.00126794623440607,-1.0
2021-10-12,0.010606334219022684,-1.0
2021-10-13,-0.011522088299058542,-1.0
2021-10-14,0.005363565973211748,-1.0
2021-10-15,-0.0037642571026614835,-1.0
2021-10-18,0.011624460646485368,-1.0
2021-10-19,-0.00983592002691891,-1.0
2021-10-20,0.0025470861331388095,-1.0
2021-10-21,-0.0036314316981076455,-1.0
2021-10-22,-0.006434598137230019,-1.0
2021-10-25,-0.00399177341552015,-1.0
2021-10-26,0.003298528463617112,-1.0
2021-10-27,0.013083359378891268,-1.0
2021-10-28,0.006946765608765504,-1.0
2021-10-29,-0.009175747069676055,-1.0
2021-11-01,0.003684222245405211,-1.0
2021-11-02,0.010395148933224019,-1.0
2021-11-03,0.003870743234644869,-1.0
2021-11-04,-0.00987946369799042,-1.0
2021-11-05,0.005421544321336902,-1.0
2021-11-08,-0.0012047260234906432,-1.0
2021-11-09,0.0002960080170300028,-1.0
2021-11-10,0.005271971841551926,-1.0
2021-11-11,-0.016066647411402846,-1.0
2021-11-12,0.002098127834286867,-1.0
2021-11-15,0.001226828981549688,-1.0
2021-11-16,-0.00019312311704200447,-1.0
2021-11-17,-0.0004983903780553245,-1.0
2021-11-18,0.009852296300444485,-1.0
2021-11-19,-0.010839837825161291,-1.0
2021-11-22,-0.004568760183290443,-1.0
2021-11-23,-0.00019271643040386088,-1.0
2021-11-24,-0.0006741231336522269,-1.0
2021-11-25,0.0041117971620519,-1.0
2021-11-26,0.0074166308855802,-1.0
2021-11-29,0.0017907970090903502,-1.0
2021-11-30,0.0039982083607221774,-1.0
2021-12-01,-0.0024472136532378563,-1.0
2021-12-02,-0.0025417792578672493,-1.0
2021-12-03,-0.009236613350910972,-1.0
2021-12-06,0.001713236078018543,-1.0
2021-12-07,-0.006025523048393211,-1.0
2021-12-08,-0.014999345299969935,-1.0
2021-12-09,-0.01656554501626495,-1.0
2021-12-10,-0.00464153148466373,1.0
2021-12-13,0.00567415133322724,1.0
2021-12-14,-0.0067086422172292215,1.0
2021-12-15,-0.008673038153411139,1.0
2021-12-16,0.005759804467493357,1.0
2021-12-17,-0.015884102353728058,1.0
2021-12-20,-0.01500417810356458,1.0
2021-12-21,0.006775546962393353,1.0
2021-12-22,0.00019723270567206796,1.0
2021-12-23,0.006976257628924287,1.0
2021-12-24,-0.005535551693786167,1.0
2021-12-27,-0.00041068042193104226,1.0
2021-12-28,0.007448300109864636,1.0
2021-12-29,-0.014625609497921244,1.0
2021-12-30,0.007787581168545277,1.0
2021-12-31,0.003832644158118237,1.0
2022-01-04,-0.004576172411910662,1.0
2022-01-05,-0.010095052726489362,1.0
2022-01-06,-0.010247980318974226,1.0
2022-01-07,0.0008586344891088338,1.0
2022-01-10,0.004494927793682546,1.0
2022-01-11,-0.009552264490683582,1.0
2022-01-12,0.009964038527454422,1.0
2022-01-13,-0.016439646310976275,1.0
2022-01-14,-0.008222422407463847,1.0
2022-01-17,0.008577702855442348,1.0
2022-01-18,0.009664008978544247,1.0
2022-01-19,-0.00684945395171177,1.0
2022-01-20,0.009022444750399039,1.0
2022-01-21,-0.009162395899698916,1.0
2022-01-24,0.0015532563228422003,1.0
2022-01-25,-0.022622213036657346,1.0
2022-01-26,0.007237395299482863,1.0
2022-01-27,-0.01961551390847327,1.0
2022-01-28,-0.012144155801567469,1.0
2022-02-07,0.01540784684248031,1.0
2022-02-08,-0.00546320864426908,1.0
2022-02-09,0.009392521814212351,1.0
2022-02-10,-0.0026221496799407884,1.0
2022-02-11,-0.008290590507800566,1.0
2022-02-14,-0.010802701519689095,1.0
2022-02-15,0.010636647794692866,1.0
2022-02-16,0.003888348140068665,1.0
2022-02-17,0.0024200142689805304,1.0
2022-02-18,0.0047677929986897905,1.0
2022-02-21,-0.0036381083926126934,1.0
2022-02-22,-0.012981726896759138,1.0
2022-02-23,0.01068914905267615,1.0
2022-02-24,-0.020273990322182578,1.0
2022-02-25,0.009737843806935098,1.0
2022-02-28,0.0017976025712198584,1.0
2022-03-01,0.008302758622179773,1.0
2022-03-02,-0.008893569437681714,1.0
2022-03-03,0.005890970138540341,-1.0
2022-03-04,0.012127132613179437,-1.0
2022-03-07,0.03194814481826358,-1.0
2022-03-08,0.020076031912956815,-1.0
2022-03-09,0.009153838417157889,-1.0
2022-03-10,-0.01573252527839486,-1.0
2022-03-11,-0.0031877051760684783,-1.0
2022-03-14,0.030596385941814686,-1.0
2022-03-15,0.04573815146205973,-1.0
2022-03-16,-0.04324225139138105,-1.0
2022-03-17,-0.019637393977643747,-1.0
2022-03-18,-0.006655999548433877,-1.0
2022-03-21,0.0016774413718910752,-1.0
2022-03-22,0.000810308969126261,-1.0
2022-03-23,-0.00498729230288375,-1.0
2022-03-24,0.005895287600139243,-1.0
2022-03-25,0.018049017924162136,-1.0
2022-03-28,0.006254027057418177,-1.0
2022-03-29,0.0034524084238070074,-1.0
2022-03-30,-0.029015631071011683,-1.0
2022-03-31,0.007405116980237492,-1.0
2022-04-01,-0.012684422059904055,-1.0
2022-04-06,0.0028803659733809273,-1.0
2022-04-07,0.012838494380102428,-1.0
2022-04-08,-0.005147680271206712,-1.0
2022-04-11,0.030891940655014438,-1.0
2022-04-12,-0.01948805609503812,-1.0
2022-04-13,0.009625828417491822,-1.0
2022-04-14,-0.01252045721745132,-1.0
2022-04-15,0.0006730654806922365,-1.0
2022-04-18,0.00533878005337729,-1.0
2022-04-19,0.007556359898044818,-1.0
2022-04-20,0.01550527791265277,-1.0
2022-04-21,0.018413850936854104,-1.0
2022-04-22,-0.00435949477330122,-1.0
2022-04-25,0.04942057182685222,-1.0
2022-04-26,0.008071718128700556,-1.0
2022-04-27,-0.029443121753174983,-1.0
2022-04-28,-0.006564231300539181,-1.0
2022-04-29,-0.024261947639127257,-1.0
2022-05-05,0.001501603115948491,-1.0
2022-05-06,0.025284260660451197,-1.0
2022-05-09,0.00802765032369146,-1.0
2022-05-10,-0.010943312958015206,-1.0
2022-05-11,-0.014427703746380915,-1.0
2022-05-12,0.0044469865392342545,-1.0
2022-05-13,-0.007542854544627886,-1.0
2022-05-16,0.008038509349721168,-1.0
2022-05-17,-0.012474441669684033,-1.0
2022-05-18,0.003491480826723903,-1.0
2022-05-19,-0.0019267733924355213,-1.0
2022-05-20,-0.01950230803172648,-1.0
2022-05-23,0.0057920102899750026,-1.0
2022-05-24,0.02339137001165492,-1.0
2022-05-25,-0.006068038624715166,-1.0
2022-05-26,-0.0024769666354889086,-1.0
2022-05-27,-0.002067144454134029,-1.0
2022-05-30,-0.006927525632427045,-1.0
2022-05-31,-0.015512390749120364,-1.0
2022-06-01,0.0020384612301312943,-1.0
2022-06-02,-0.0015652027053834061,-1.0
2022-06-06,-0.018710239384197136,-1.0
2022-06-07,-0.00313087707043902,-1.0
2022-06-08,-0.009734972255579288,-1.0
2022-06-09,0.010459588699231803,-1.0
2022-06-10,-0.015163753057679585,-1.0
2022-06-13,0.011710539029829992,-1.0
2022-06-14,-0.007867253573565103,-1.0
2022-06-15,-0.013240709815955487,-1.0
2022-06-16,0.006581338612541177,-1.0
2022-06-17,-0.01387815244269186,-1.0
2022-06-20,-0.004963606316054525,-1.0
2022-06-21,0.0011239292294292769,-1.0
2022-06-22,0.012701922432943324,-1.0
2022-06-23,-0.017153329887934055,-1.0
2022-06-24,-0.011716304838296443,-1.0
2022-06-27,-0.011261470816133157,-1.0
2022-06-28,-0.010407280269742802,-1.0
2022-06-29,0.015401256951149023,-1.0
2022-06-30,-0.014396892175863707,-1.0
2022-07-01,0.004078674682344241,-1.0
2022-07-04,-0.006562402340206219,-1.0
2022-07-05,0.0014439404467536665,-1.0
2022-07-06,0.01460473118137795,-1.0
2022-07-07,-0.004408664815026553,-1.0
2022-07-08,0.003306557284373235,-1.0
2022-07-11,0.016745984956131332,-1.0
2022-07-12,0.009414904416271463,-1.0
2022-07-13,-0.0018182646847018091,-1.0
2022-07-14,-0.00014173445063736523,-1.0
2022-07-15,0.017016575050932792,-1.0
2022-07-18,-0.010370299374091285,-1.0
2022-07-19,0.005415314004905691,-1.0
2022-07-20,-0.0033875492842558863,-1.0
2022-07-21,0.011145447945116738,-1.0
2022-07-22,-0.0005137559737735664,-1.0
2022-07-25,0.006037892055089422,-1.0
2022-07-26,-0.007912299071265005,-1.0
2022-07-27,0.004931752083937924,-1.0
2022-07-28,-0.00015090996745903418,-1.0
2022-07-29,0.013150898343229911,-1.0
2022-08-01,-0.004454687306322258,-1.0
2022-08-02,0.019494072402407303,-1.0
2022-08-03,0.00975124567083141,-1.0
2022-08-04,-0.008498035173755802,-1.0
2022-08-05,-0.01350089101970009,-1.0
2022-08-08,0.0021257370647161933,-1.0
2022-08-09,-0.001980702082840846,-1.0
2022-08-10,0.011200708362386624,-1.0
2022-08-11,-0.020391936000386357,-1.0
2022-08-12,0.000570114605721983,-1.0
2022-08-15,0.0013057507816466307,-1.0
2022-08-16,0.0018736265371875893,-1.0
2022-08-17,-0.009364080025141996,-1.0
2022-08-18,0.008740659678280971,-1.0
2022-08-19,0.006943805836588046,-1.0
2022-08-22,-0.007304784607780279,-1.0
2022-08-23,0.004858233367727727,-1.0
2022-08-24,0.018904408595811772,-1.0
2022-08-25,-0.008284327468061514,-1.0
2022-08-26,0.0021121462414384062,-1.0
2022-08-29,0.004388265449524531,-1.0
2022-08-30,0.0033565793349121797,-1.0
2022-08-31,-0.0007474617765859115,-1.0
2022-09-01,0.008605559001796603,-1.0
2022-09-02,0.004977175211212326,-1.0
2022-09-05,0.0020346638199384426,-1.0
2022-09-06,-0.009178053917262785,-1.0
2022-09-07,-0.0006669825053065015,-1.0
2022-09-08,0.004266133791436366,-1.0
2022-09-09,-0.01389497082721114,-1.0
2022-09-13,-0.004232535377875157,-1.0
2022-09-14,0.011129707041727888,-1.0
2022-09-15,0.00940640174705365,-1.0
2022-09-16,0.023450017091624642,-1.0
2022-09-19,0.0011906630858030676,-1.0
2022-09-20,-0.0012311608647870287,-1.0
2022-09-21,0.007399571011871053,-1.0
2022-09-22,0.008809717299443687,-1.0
2022-09-23,0.0034431676273807277,-1.0
2022-09-26,0.005016543996179346,-1.0
2022-09-27,-0.014496319510634903,-1.0
2022-09-28,0.01633617184720071,-1.0
2022-09-29,0.00040911954204525536,-1.0
2022-09-30,0.00581585210525426,-1.0
2022-10-10,0.022063424618870897,-1.0
2022-10-11,-0.0018141131943532063,-1.0
2022-10-12,-0.015188964244232217,-1.0
2022-10-13,0.008359127580155779,-1.0
2022-10-14,-0.02392878420072253,-1.0
2022-10-17,-0.0010259286878455676,-1.0
2022-10-18,0.0021176099210798993,-1.0
2022-10-19,0.016083613991700996,-1.0
2022-10-20,0.005721278521691908,-1.0
2022-10-21,0.0032048559986613823,-1.0
2022-10-24,0.02926068229203127,-1.0
2022-10-25,0.0016290921717292406,-1.0
2022-10-26,-0.008118227929659216,-1.0
2022-10-27,0.007043638322671297,-1.0
2022-10-28,0.02473470625572416,-1.0
2022-10-31,0.009212952367183003,-1.0
2022-11-01,-0.03575959142058016,-1.0
2022-11-02,-0.012006004556964989,-1.0
2022-11-03,0.008132160129964427,-1.0
2022-11-04,-0.032697746970130614,-1.0
2022-11-07,-0.0021561251766775147,-1.0
2022-11-08,0.006879458572942476,-1.0
2022-11-09,0.009349602679159519,-1.0
2022-11-10,0.007695158650807943,-1.0
2022-11-11,-0.027878156279349087,-1.0
2022-11-14,-0.001472479942726812,-1.0
2022-11-15,-0.01896551810480762,-1.0
2022-11-16,0.008169406063560758,-1.0
2022-11-17,0.004101278276369302,-1.0
2022-11-18,0.0044768013106154525,-1.0
2022-11-21,0.008533766824568079,-1.0
2022-11-22,-0.00011827672875641682,-1.0
2022-11-23,-0.001049455817631495,-1.0
2022-11-24,0.004430998497507055,-1.0
2022-11-25,-0.005049020069749721,-1.0
2022-11-28,0.011264967914943247,-1.0
2022-11-29,-0.030852537193941654,-1.0
2022-11-30,-0.0011989588253098482,-1.0
2022-12-01,-0.010830990051612588,-1.0
2022-12-02,0.006116126998761184,-1.0
2022-12-05,-0.01961486021588832,-1.0
2022-12-06,-0.00540224738254369,-1.0
2022-12-07,0.0024587987408591916,-1.0
2022-12-08,-0.00018666440112813376,-1.0
2022-12-09,-0.009866791096479144,-1.0
2022-12-12,0.011205143497738379,-1.0
2022-12-13,0.001963351795129964,-1.0
2022-12-14,-0.0023327783721405204,-1.0
2022-12-15,0.0007325622583731484,-1.0
2022-12-16,-0.0005664237130245109,-1.0
2022-12-19,0.015428122866997795,-1.0
2022-12-20,0.0164910763985201,-1.0
2022-12-21,-0.0003972559747902338,-1.0
2022-12-22,-0.0014331144676684726,-1.0
2022-12-23,0.0020357515638571577,-1.0
2022-12-26,-0.003988774100372572,-1.0
2022-12-27,-0.011542976567096463,-1.0
2022-12-28,0.004267032661205872,-1.0
2022-12-29,0.003762000859460879,-1.0
2022-12-30,-0.0038719883033704328,-1.0
2023-01-03,-0.00420117212531812,-1.0
2023-01-04,-0.0012985161755223462,-1.0
2023-01-05,-0.019427566417087982,-1.0
2023-01-06,-0.003102017745297392,-1.0
2023-01-09,-0.008096382898211019,-1.0
2023-01-10,-0.0010849664186434183,-1.0
2023-01-11,0.0018526070251561055,-1.0
2023-01-12,-0.0019546732171065173,-1.0
2023-01-13,-0.014064171128318481,-1.0
2023-01-16,-0.015606581540854814,-1.0
2023-01-17,0.00017450609711644471,-1.0
2023-01-18,0.0016745212547623067,-1.0
2023-01-19,-0.00622068882263993,-1.0
2023-01-20,-0.006140267738194982,-1.0
2023-01-30,-0.004739489048342094,-1.0
2023-01-31,0.010588799539195337,-1.0
2023-02-01,-0.00940022533366447,-1.0
2023-02-02,0.0035233878365843463,-1.0
2023-02-03,0.009451324782877246,-1.0
2023-02-06,0.013220392666958292,-1.0
2023-02-07,-0.001799809091433735,-1.0
2023-02-08,0.0044189956435068956,-1.0
2023-02-09,-0.013423333161847628,-1.0
2023-02-10,0.005942302764571972,-1.0
2023-02-13,-0.009074887848814717,-1.0
2023-02-14,-0.00041418350438560125,-1.0
2023-02-15,0.005210950007794479,-1.0
2023-02-16,0.007323951394689221,-1.0
2023-02-17,0.014408398354498475,-1.0
2023-02-20,-0.024534001304248543,-1.0
2023-02-21,-0.0026282877305414676,-1.0
2023-02-22,0.009025050372149734,-1.0
2023-02-23,0.0008045628793293957,-1.0
2023-02-24,0.010381157849788436,-1.0
2023-02-27,0.004235682449966083,-1.0
2023-02-28,-0.00633414579453162,-1.0
2023-03-01,-0.014125416729256823,-1.0
2023-03-02,0.002230174573591648,-1.0
2023-03-03,-0.00311180578597825,-1.0
2023-03-06,0.005215066569927429,-1.0
2023-03-07,0.014640581812135567,-1.0
2023-03-08,0.003641575529102492,-1.0
2023-03-09,0.0035341644448412257,-1.0
2023-03-10,0.013113746394299963,-1.0
2023-03-13,-0.010473754461405749,-1.0
2023-03-14,0.005984604431477081,-1.0
2023-03-15,-0.0005537185826691715,-1.0
2023-03-16,0.01197709399428426,-1.0
2023-03-17,-0.004993183174900162,-1.0
2023-03-20,0.004986941308815385,-1.0
2023-03-21,-0.010992727484128828,-1.0
2023-03-22,-0.004285002363662915,-1.0
2023-03-23,-0.009913081140029867,-1.0
2023-03-24,0.0029818106283606705,-1.0
2023-03-27,0.003617689265358992,-1.0
2023-03-28,0.003230523110025918,-1.0
2023-03-29,-0.0016575260993538787,-1.0
2023-03-30,-0.00808300949741203,-1.0
2023-03-31,-0.003070427408695009,-1.0
2023-04-03,-0.009785886717201375,-1.0
2023-04-04,-0.0030650025194547403,-1.0
2023-04-06,0.0015756846790083712,-1.0
2023-04-07,-0.006502865763162058,-1.0
2023-04-10,0.0044789828602225246,-1.0
2023-04-11,0.0011362031262920347,-1.0
2023-04-12,0.0006976089813736097,-1.0
2023-04-13,0.0069092050067462996,-1.0
2023-04-14,-0.005657488589396742,-1.0
2023-04-17,-0.014023660026488916,-1.0
2023-04-18,-0.0030482599873389304,-1.0
2023-04-19,0.009003558838567405,-1.0
2023-04-20,0.002797802208619249,-1.0
2023-04-21,0.019560326876178924,-1.0
2023-04-24,0.01238027725861579,-1.0
2023-04-25,0.005016040981228764,-1.0
2023-04-26,0.0008664621679678186,-1.0
2023-04-27,-0.007371681626258786,-1.0
2023-04-28,-0.010196347248915716,-1.0
2023-05-04,-0.00028822915610282607,-1.0
2023-05-05,0.0033173400211615744,-1.0
2023-05-08,-0.01139815718547954,-1.0
2023-05-09,0.00856261155246374,-1.0
2023-05-10,0.007697829977560855,-1.0
2023-05-11,,
2023-05-12,,
2023-05-15,,
2023-05-16,,
2023-05-17,,
2023-05-18,,
2023-05-19,,
2023-05-22,,
2023-05-23,,
2023-05-24,,
2023-05-25,,
2023-05-26,,
2023-05-29,,
2023-05-30,,
2023-05-31,,
2023-06-01,,
